categoryId,name,description,vehicleType,order,icon,image
688bf07e20d85dee52256328,Bomba de agua + Kit de distribución,Kit completo de bomba de agua y distribución,car,1,water-pump,
688bf07e20d85dee52256328,KIT DE DISTRIBUCIÓN,Kit completo de distribución del motor,car,2,timing-belt,
688bf07e20d85dee52256328,KIT DE MONTAJE DE LA CADENA DE DISTRIBUCIÓN,Kit de montaje para cadena de distribución,car,3,timing-chain,
688bf07e20d85dee52256328,TACO DE MOTOR,Taco de soporte del motor,car,4,engine-mount,
688bf07e20d85dee52256328,CORREA DE DISTRIBUCIÓN,Correa de distribución del motor,car,5,timing-belt,
688bf07e20d85dee52256328,CORREA POLY V,Correa poly V del motor,car,6,poly-v-belt,
688bf07e20d85dee52256328,KIT DE CORREA POLY V,Kit completo de correa poly V,car,7,poly-v-kit,
688bf07e20d85dee52256328,POLEA TENSORA CORREA DENTADA,Polea tensora para correa dentada,car,8,tensioner,
688bf07e20d85dee52256328,VÁLVULA DE CONTROL DEL ÁRBOL DE LEVAS,Válvula de control del árbol de levas,car,9,valve,
688bf07e20d85dee52256328,PIÑON DEL ÁRBOL DE LEVAS,Piñón del árbol de levas,car,10,gear,
688bf07e20d85dee52256328,CADENA DE DISTRIBUCÍON,Cadena de distribución del motor,car,11,timing-chain,
688bf07e20d85dee52256328,TENSOR DE CADENA DE DISTRIBUCIÓN,Tensor de cadena de distribución,car,12,tensioner,
688bf07e20d85dee52256328,AJUSTADOR ÁRBOL DE LEVAS,Ajustador del árbol de levas,car,13,adjuster,
688bf07e20d85dee52256328,POLEA INVERSIÓN / GUÍA CORREA DE DISTRIBUCÍON,Polea de inversión y guía para correa de distribución,car,14,pulley,
688bf07e20d85dee52256328,TURBOCOMPRESOR,Turbocompresor del motor,car,15,turbo,
688bf07e20d85dee52256328,CAUDALÍMETRO,Caudalímetro del motor,car,16,flow-meter,
688bf07e20d85dee52256328,CUERPO DE MARAPISO,Cuerpo de mariposa,car,17,throttle-body,
688bf07e20d85dee52256328,INTERCOOLER,Intercooler del motor,car,18,intercooler,
688bf07e20d85dee52256328,CARRIL DE DESLIZAMIENTO,Carril de deslizamiento,car,19,rail,
688bf07e20d85dee52256328,RUEDA DENTADA CIGÜEÑAL,Rueda dentada del cigüeñal,car,20,gear,
688bf07e20d85dee52256328,TENSOR DE LA CORREA DE DISTRIBUCIÓN,Tensor de la correa de distribución,car,21,tensioner,
688bf07e20d85dee52256328,JUNTA DE TAPA DE BALANCINES,Junta de tapa de balancines,car,22,gasket,
688bf07e20d85dee52256328,JUNTA DE CULATA,Junta de culata del motor,car,23,head-gasket,
688bf07e20d85dee52256328,TAQUÉS HIDRÁULICOS,Taqués hidráulicos,car,24,tappet,
688bf07e20d85dee52256328,RETENES DE VALVULAS,Retenes de válvulas,car,25,seal,
688bf07e20d85dee52256328,TORNILLOS DE CULATA,Tornillos de culata,car,26,bolt,
688bf07e20d85dee52256328,BALANCINES,Balancines del motor,car,27,rocker,
688bf07e20d85dee52256328,VÁLVULA DE ESCAPE,Válvula de escape,car,28,valve,
688bf07e20d85dee52256328,VÁLVULA DE ADMISIÓN,Válvula de admisión,car,29,valve,
688bf07e20d85dee52256328,JUNTA DE VÁLVULAS Y GUIA DE VÁVULAS AJUSTES DE,Junta de válvulas y guía de válvulas,car,30,gasket,
688bf07e20d85dee52256328,ARBBOL DE LEVAS,Árbol de levas,car,31,camshaft,
688bf07e20d85dee52256328,RETÉN DE ÁRBOL DE LEVAS,Retén del árbol de levas,car,32,seal,
688bf07e20d85dee52256328,TAPA DE LLENADO DE ACEITE,Tapa de llenado de aceite,car,33,cap,
688bf07e20d85dee52256328,SEMICONO DE FIJACIÓN DE LA VÁLVULA,Semicono de fijación de la válvula,car,34,cone,
688bf07e20d85dee52256328,CULATA,Culata del motor,car,35,cylinder-head,
688bf07e20d85dee52256328,TAPA DE BALANCINES,Tapa de balancines,car,36,cover,
688bf07e20d85dee52256328,COJINETES DEL ÁRBOL DE LEVAS,Cojinetes del árbol de levas,car,37,bearing,
688bf07e20d85dee52256328,RETÉN DE CIGÜEÑAL,Retén del cigüeñal,car,38,seal,
688bf07e20d85dee52256328,SEGMENTOS DE PISTON,Segmentos de pistón,car,39,piston-ring,
688bf07e20d85dee52256328,JUEGOS DE JUNTAS DE MOTOR,Juegos de juntas del motor,car,40,gasket-set,
688bf07e20d85dee52256328,PISTÓNS,Pistones del motor,car,41,piston,
688bf07e20d85dee52256328,JUEGO COMPLETO DE JUNTAS DE MOTOR,Juego completo de juntas del motor,car,42,gasket-set,
688bf07e20d85dee52256328,VOLANTE BIMASA,Volante bimasa,car,43,flywheel,
688bf07e20d85dee52256328,APOYO DEL CIGÜEÑAL,Apoyo del cigüeñal,car,44,bearing,
688bf07e20d85dee52256328,DISCOS DEL CIGÜEÑAL,Discos del cigüeñal,car,45,disk,
688bf07e20d85dee52256328,BLOQUE MOTOR,Bloque del motor,car,46,engine-block,
688bf07e20d85dee52256328,ACEITE DE MOTOR,Aceite para el motor,car,47,oil,
688bf07e20d85dee52256328,CÉRTER DE ACEITE,Cárter de aceite,car,48,oil-pan,
688bf07e20d85dee52256328,TAPON DE CÁRTER,Tapón del cárter,car,49,plug,
688bf07e20d85dee52256328,BOMBA DE ACEITE,Bomba de aceite del motor,car,50,oil-pump,
688bf07e20d85dee52256328,ARANDELA DE TAPON DE CÉRTER,Arandela del tapón del cárter,car,51,washer,
688bf07e20d85dee52256328,VARILLA DE ACEITE,Varilla de aceite,car,52,dipstick,
688bf07e20d85dee52256328,JUNTA DEL CÁRTER,Junta del cárter,car,53,gasket,
688bf07e20d85dee52256328,SENSOR DE PRESIÓN DE ACEITE,Sensor de presión de aceite,car,54,sensor,
688bf07e20d85dee52256328,ENFRIADOR DE ACEITE,Enfriador de aceite,car,55,oil-cooler,
688bf07e20d85dee52256328,SENSOR DEL NIVEL DE ACEITE DEL MOTOR,Sensor del nivel de aceite del motor,car,56,sensor,
688bf07e20d85dee52256328,TUBO DE ASPIRACÓN DE BOMBA DEL ACEITE,Tubo de aspiración de la bomba de aceite,car,57,tube,
688bf07e20d85dee52256328,CORREA TRAPEZOIDAL,Correa trapezoidal,car,58,belt,
688bf07e20d85dee52256328,POLEA TENSORA CORREA DENTADA,Polea tensora para correa dentada,car,59,tensioner,
688bf07e20d85dee52256328,TENSOR DE CORREA,Tensor de correa,car,60,tensioner,
688bf07e20d85dee52256328,POLEA DE INVERSIÓN,Polea de inversión,car,61,pulley,
688bf07e20d85dee52256328,JUNTA DE TURBOCOMPRESOR,Junta del turbocompresor,car,62,gasket,
688bf07e20d85dee52256328,TRANSDUCTOR DE PRESIÓN,Transductor de presión,car,63,transducer,
688bf07e20d85dee52256328,MANGUERA TURBO,Manguera del turbo,car,64,hose,
688bf07e20d85dee52256328,SENSOR DE PRESIÓN DE ADMISIÓN,Sensor de presión de admisión,car,65,sensor,
688bf07e20d85dee52256328,SENSOR DE PRESIÓN DEL AIRE DE ADMISIÓN,Sensor de presión del aire de admisión,car,66,sensor,
688bf07e20d85dee52256328,CABLE DEL ACELERADOR,Cable del acelerador,car,67,cable,
688bf07e20d85dee52256328,VÁLVULA DE ALIVIO,Válvula de alivio,car,68,valve,
688bf07e20d85dee52256328,BOMBA DE AGUA,Bomba de agua del motor,car,69,water-pump,
688bf07e20d85dee52256328,TERMOSTATO,Termostato del motor,car,70,thermostat,
688bf07e20d85dee52256328,RADIADOR DE MOTOR,Radiador del motor,car,71,radiator,
688bf07e20d85dee52256328,JUEGO DE MONTAJE TURBOCOMPRESOR,Juego de montaje del turbocompresor,car,72,turbo-kit,
688bf07e20d85dee52256328,VASO DE EXPASIÓN,Vaso de expansión,car,73,expansion-tank,
688bf07e20d85dee52256328,SENSOR DE TEMPERATURA DEL REFRIGERANTE,Sensor de temperatura del refrigerante,car,74,sensor,
688bf07e20d85dee52256328,ANTICOGELNATE,Anticongelante,car,75,antifreeze,
688bf07e20d85dee52256328,VENTILADOR DEL RADIADOR,Ventilador del radiador,car,76,fan,
688bf07e20d85dee52256328,TAPA DE DEPOSITO DE AGUA,Tapa del depósito de agua,car,77,cap,
688bf07e20d85dee52256328,MANGUITOS DE RADIADOR,Manguitos del radiador,car,78,hose,
688bf07e20d85dee52256328,JUNTA DE AGUA REFRIGERANTE,Junta de agua refrigerante,car,79,gasket,
688bf07e20d85dee52256328,EMBRAGUE DEL VENTILADOR,Embrague del ventilador,car,80,clutch,
688bf07e20d85dee52256328,TERMOCONTACTO VENTILADO,Termocontacto ventilado,car,81,thermo-switch,
688bf07e20d85dee52256328,BOBINA DE ENCENDIDO,Bobina de encendido,car,82,ignition-coil,
688bf07e20d85dee52256328,BUJÍA DE ENCENDIDO,Bujía de encendido,car,83,spark-plug,
688bf07e20d85dee52256328,BUJÍA DE PRECALENTAMIENTO,Bujía de precalentamiento,car,84,glow-plug,
688bf07e20d85dee52256328,SENSOR DE ARBOL DE LEVAS,Sensor del árbol de levas,car,85,sensor,
688bf07e20d85dee52256328,CABLES DE BUJÍAS,Cables de bujías,car,86,spark-plug-wire,
688bf07e20d85dee52256328,SENSOR DE CIGÜEÑAL,Sensor del cigüeñal,car,87,sensor,
688bf07e20d85dee52256328,TAPA DE DELCO,Tapa del delco,car,88,cap,
688bf07e20d85dee52256328,ROTOR DE DISTRIBUCIÓN,Rotor de distribución,car,89,rotor,
688bf07e20d85dee52256328,FILTRO DE ACEITE,Filtro de aceite,car,90,oil-filter,
688bf07e20d85dee52256328,FILTRO DE AIRE,Filtro de aire,car,91,air-filter,
688bf07e20d85dee52256328,FILTRO DE COMBUSTIBLE,Filtro de combustible,car,92,fuel-filter,
688bf07e20d85dee52256328,SISTEMA DE VENTILACIÓN DE CÁRTER,Sistema de ventilación del cárter,car,93,ventilation,
688bf07e20d85dee52256328,JUNTA DE COLECTOR DE ADMISIÓN,Junta del colector de admisión,car,94,gasket,
688bf07e20d85dee52256328,JUNTA DE COLECTOR DE ESCAPE,Junta del colector de escape,car,95,gasket,
688bf07e20d85dee52256328,COLECTORES DE ADMISIÓN,Colectores de admisión,car,96,manifold,
688bf07e20d85dee52256328,VÁLVULA DE REGULACIÓN DEL AIRE DE ADMISIÓN,Válvula de regulación del aire de admisión,car,97,valve,
688bf07e20d85dee52256328,SISTEMA ELÉCTRICO DEL MOTOR,Sistema eléctrico del motor,car,98,electrical,
688bf07e20d85dee52256328,SONDA LAMBDA,Sonda lambda,car,99,lambda-sensor,
688bf07e20d85dee52256328,JUNTA INYECTOR,Junta del inyector,car,100,gasket,
688bf07e20d85dee52256328,BOMBA DE INYECCIÓN,Bomba de inyección,car,101,injection-pump,
688bf07e20d85dee52256328,REGULADOR DE PRESIÓN DE COMBUSTIBLE,Regulador de presión de combustible,car,102,pressure-regulator,
688bf07e20d85dee52256328,VÁLVULA EGR,Válvula EGR,car,103,egr-valve,
688bf07e20d85dee52256328,REFRIGERADOR DE GAS DE ESCAPE,Refrigerador de gas de escape,car,104,exhaust-cooler,
688bf07e20d85dee52256328,POLEA DE CIGÜEÑAL,Polea del cigüeñal,car,105,pulley,
688bf07e20d85dee52256328,TORNILLO DE LA POLEA,Tornillo de la polea,car,106,bolt,
688bf07e20d85dee52256328,DEPRESOR DE FRENO,Depresor de freno,car,107,brake-booster,
688bf07e20d85dee52256328,SELLADOR PARA EL BLOQUE DEL MOTOR,Sellador para el bloque del motor,car,108,sealant,
688bf07e20d85dee52256328,SELLADOR DE USO GENERAL,Sellador de uso general,car,109,sealant,
688bf07e20d85dee52256328,FIJADORES DE ROSCA,Fijadores de rosca,car,110,thread-locker,
688bf07e20d85dee52256328,PRODUCTOS DE LIMPIEZA DEL MOTOR Y SISTEMA,Productos de limpieza del motor y sistema,car,111,cleaner,
688bf07e20d85dee52256328,TINTURA DE DETECCIÓN DE FUGAS,Tintura de detección de fugas,car,112,leak-detector,
688bf07e20d85dee52256328,PRODUCTO RECTIFICADOR DE VÁLVULAS,Producto rectificador de válvulas,car,113,valve-grinding,
688bf07e20d85dee52256328,SPRAYS Y AEROSOLES TÉCNICOS,Sprays y aerosoles técnicos,car,114,spray,
688bf07e20d85dee52256328,PINTUA DEL MOTOR Y ALTA TEMPERATURA,Pintura del motor y alta temperatura,car,115,high-temp-paint,
688bf07e20d85dee52256328,ADITIVOS DE ACEITE DE MOTOR,Aditivos de aceite de motor,car,116,oil-additive,
688bf07e20d85dee52256328,ADITIVOS DE TURBOCOMPRESOR,Aditivos de turbocompresor,car,117,turbo-additive,
688bf07e20d85dee52256328,KIT DE JUNTAS TÓRICAS DE LA CAMISA DEL CILINDRO,Kit de juntas tóricas de la camisa del cilindro,car,118,oring-kit,
688bf07e20d85dee52256328,RETÉN DE LA BOMBA DE ACEITE,Retén de la bomba de aceite,car,119,seal,
688bf07e20d85dee52256328,RETÉN DEL ÁRBOL INTERMEDIO,Retén del árbol intermedio,car,120,seal,
688bf07e20d85dee52256328,TORNILLOS PARA BIELA Y TURCA PARA BIELA,Tornillos para biela y tuerca para biela,car,121,bolt,
688bf07e20d85dee52256328,CAMISA DE CILINDRO,Camisa de cilindro,car,122,cylinder-liner,
688bf07e20d85dee52256328,CASQUILLO DE PIE DE BIELA,Casquillo de pie de biela,car,123,bearing,
688bf07e20d85dee52256328,BIELA,Biela,car,124,connecting-rod,
688bf07e20d85dee52256328,CIGÜEÑAL,Cigüeñal,car,125,crankshaft,
688bf07e20d85dee52256328,HERRAMIENTAS PARA MOTOR,Herramientas para motor,car,126,tools,
688bf07e20d85dee52256328,ÁRBOL INTERMEDIO DE COMPENSAIÓN Y ÁRBOL DE,Árbol intermedio de compensación y árbol de,car,127,intermediate-shaft,
688bf07e20d85dee52256328,TORNILLO DEL COJINETE DEL CIGÜEÑAL,Tornillo del cojinete del cigüeñal,car,128,bolt,
688bf07e20d85dee52256328,JUEGO DE JUNTAS CULATA,Juego de juntas de culata,car,129,head-gasket-set,
688bf07e20d85dee52256339,BOMBA DE COMBUSTIBLE,Bomba de combustible,car,130,fuel-pump,
688bf07e20d85dee52256339,INYECTORES,Inyectores de combustible,car,131,injector,
688bf07e20d85dee52256339,BOMBA DE INYECCIÓN,Bomba de inyección de combustible,car,132,injection-pump,
688bf07e20d85dee52256339,CAUDALÍMETRO,Caudalímetro de combustible,car,133,flow-meter,
688bf07e20d85dee52256339,CUERPO DE MARAPISO,Cuerpo de mariposa,car,134,throttle-body,
688bf07e20d85dee52256339,JUNTA DE INYECTOR,Junta del inyector,car,135,gasket,
688bf07e20d85dee52256339,TUBO DE RETORNO DE COMBUSTIBLE,Tubo de retorno de combustible,car,136,return-tube,
688bf07e20d85dee52256339,RELÉ DE BOMBA DE COMBUSTIBLE,Relé de bomba de combustible,car,137,relay,
688bf07e20d85dee52256339,JUNTA DE LA BOMBA DE COMBUSTIBLE,Junta de la bomba de combustible,car,138,gasket,
688bf07e20d85dee52256339,SONDA LAMBDA,Sonda lambda,car,139,lambda-sensor,
688bf07e20d85dee52256339,SENSOR TPS,Sensor TPS,car,140,sensor,
688bf07e20d85dee52256339,ARANDELA DEL INYECTOR,Arandela del inyector,car,141,washer,
688bf07e20d85dee52256339,REGULADOR DE PRESIÓN DE COMBUSTIBLE,Regulador de presión de combustible,car,142,pressure-regulator,
688bf07e20d85dee52256339,KIT DE REPARACIÓN DEL INYECTOR,Kit de reparación del inyector,car,143,injector-repair-kit,
688bf07e20d85dee52256339,RAMPA DE INYECTOR,Rampa de inyector,car,144,injector-rail,
688bf07e20d85dee52256339,RAMPA DE INYECCIÓN,Rampa de inyección,car,145,injection-rail,
688bf07e20d85dee52256339,ACUMULADOR DE PRESIÓN DE COMBUSTIBLE,Acumulador de presión de combustible,car,146,pressure-accumulator,
688bf07e20d85dee52256339,FILTRO DE COMBUSTIBLE,Filtro de combustible,car,147,fuel-filter,
688bf07e20d85dee52256339,VÁLVULA DEL FILTRO DE ACEITE Y JUNTA,Válvula del filtro de aceite y junta,car,148,valve,
688bf07e20d85dee52256339,DEPOSITO DE COMBUSTIBLE,Depósito de combustible,car,149,fuel-tank,
688bf07e20d85dee52256339,TAPA DE DEPÓSITO DE COMBUSTIBLE,Tapa del depósito de combustible,car,150,cap,
688bf07e20d85dee52256339,VÁLVULA DE VENTILACIÓN DEL DEPÓSITO DEL COMBUSTIBLE,Válvula de ventilación del depósito de combustible,car,151,vent-valve,
688bf07e20d85dee52256339,SENSOR DE LA PRESIÓN DEL COMBUSTIBLE,Sensor de la presión del combustible,car,152,sensor,
688bf07e20d85dee52256339,SENSOR DE NIVEL DE COMBUSTIBLE,Sensor de nivel de combustible,car,153,sensor,
688bf07e20d85dee52256339,SENSOR DEL PEDAL DE ACELERADOR,Sensor del pedal de acelerador,car,154,sensor,
688bf07e20d85dee52256339,SENSOR DE TEMPERATURA DEL COMBUSTIBLE,Sensor de temperatura del combustible,car,155,sensor,
688bf07e20d85dee52256339,JUNTA DEL AFORADOR DE COMBUSTIBLE,Junta del aforador de combustible,car,156,gasket,
688bf07e20d85dee52256339,UNIDAD DEL CONTROL MANDO DE MOTOR,Unidad de control y mando del motor,car,157,ecu,
688bf07e20d85dee52256339,PIEZAS DEL CARBURADOR,Piezas del carburador,car,158,carburetor-parts,
688bf07e20d85dee52256339,KIT DE REPARACIÓN DEL CARBURADOR,Kit de reparación del carburador,car,159,carburetor-repair-kit,
688bf07e20d85dee52256339,BRIDA DE CARBURADOR,Brida de carburador,car,160,carburetor-flange,
688bf07e20d85dee52256339,LÍQUIDO DE ESCAPE DIPESEL / ADBLUE,Líquido de escape diésel / AdBlue,car,161,adblue,
688bf07e20d85dee52256339,ADITIVOS DE COMBUSTIBLE,Aditivos de combustible,car,162,fuel-additive,
688bf07e20d85dee52256339,JUEGO DE REPARACIÓN DE BOMBA DE COMBUSTIBLE,Juego de reparación de bomba de combustible,car,163,fuel-pump-repair-kit,
688bf07e20d85dee52256339,VÁLVULA DE CORTE DE INYECCIÓN,Válvula de corte de inyección,car,164,cutoff-valve,
688bf07e20d85dee52256339,TERMOSTATO ENRIQUECIMIENTO ARRANQUE EN FRIO,Termostato de enriquecimiento para arranque en frío,car,165,thermostat,
688bf07e20d85dee52256339,SENSOR DE AGUA SISTEMA DE COMBUSTIBLE,Sensor de agua del sistema de combustible,car,166,sensor,
688bf07e20d85dee52256339,JUNTA DE LA TUBERÍA DE COMBUSTIBLE,Junta de la tubería de combustible,car,167,gasket,
688bf07e20d85dee52256339,BISAGRA DE DEPÓSITO,Bisagra del depósito,car,168,hinge,
688bf07e20d85dee52256339,JUNTA TÓRICA DE LA BOMBA DE INYECCIÓN,Junta tórica de la bomba de inyección,car,169,oring,
688bf07e20d85dee52256339,ELEMENTO DE AJUSTE DE LA MARIPOSA,Elemento de ajuste de la mariposa,car,170,throttle-adjustment,
688bf07e20d85dee52256339,REGULADOR RELENTÍ,Regulador de ralentí,car,171,idle-regulator,
688bf07e20d85dee52256339,SISTEMA DE INYECCIÓN,Sistema de inyección,car,172,injection-system,
688bf07e20d85dee52256339,SENSOR DE PRESIÓN DEPÓSITO DE COMBUSTIBLE,Sensor de presión del depósito de combustible,car,173,sensor,
688bf07e20d85dee52256339,HERRAMIENTAS PARA EL SISTEMA DE COMBUSTIBLE,Herramientas para el sistema de combustible,car,174,tools,
688bf07e20d85dee52256331,Bomba de agua + Kit de distribución,Kit completo de bomba de agua y distribución,car,175,water-pump,
688bf07e20d85dee52256331,KIT DE DISTRIBUCIÓN,Kit completo de distribución,car,176,timing-belt,
688bf07e20d85dee52256331,BOMBA DE AGUA,Bomba de agua,car,177,water-pump,
688bf07e20d85dee52256331,CORREA DE DISTRIBUCIÓN,Correa de distribución,car,178,timing-belt,
688bf07e20d85dee52256331,CORREA POLY V,Correa poly V,car,179,poly-v-belt,
688bf07e20d85dee52256331,KIT DE CORREA POLY V,Kit completo de correa poly V,car,180,poly-v-kit,
688bf07e20d85dee52256331,POLEA TENSORA CORREA DENTADA,Polea tensora para correa dentada,car,181,tensioner,
688bf07e20d85dee52256331,TENSOR DE LA CORREA DE DISTRIBUCIÓN,Tensor de la correa de distribución,car,182,tensioner,
688bf07e20d85dee52256331,POLEA INVERSIÓN / GUÍA CORREA DE DISTRIBUCÍON,Polea de inversión y guía para correa de distribución,car,183,pulley,
688bf07e20d85dee52256331,AMORTIGUADOR HIDRÁULICO,Amortiguador hidráulico,car,184,hydraulic-damper,
688bf07e20d85dee52256331,TAPA DE CORREA DE DISTRIBUCIÓN,Tapa de correa de distribución,car,185,cover,
688bf07e20d85dee52256331,POLEA TENSORA CORREA DENTADA,Polea tensora para correa dentada,car,186,tensioner,
688bf07e20d85dee52256331,TENSOR DE CORREA,Tensor de correa,car,187,tensioner,
688bf07e20d85dee52256331,POLEA DE INVERSIÓN,Polea de inversión,car,188,pulley,
688bf07e20d85dee52256331,CORREA TRAPEZOIDAL,Correa trapezoidal,car,189,belt,
688bf07e20d85dee52256331,AMORTIGUADOR DE LA CORREA TRAPECIAL POLI V,Amortiguador de la correa trapecial poli V,car,190,damper,
688bf07e20d85dee52256331,RODILLO GUÍA / DESVIACIÓN CORREA TRAPECIAL,Rodillo guía y desviación para correa trapecial,car,191,roller,
688bf07e20d85dee52256331,KIT DE MONTAJE DE LA CADENA DE DISTRIBUCIÓN,Kit de montaje de la cadena de distribución,car,192,timing-chain-kit,
688bf07e20d85dee52256331,TENSOR DE CADENA DE DISTRIBUCIÓN,Tensor de cadena de distribución,car,193,tensioner,
688bf07e20d85dee52256331,CADENA DE ACCIONAMIENTO,Cadena de accionamiento,car,194,drive-chain,
688bf07e20d85dee52256331,CARRIL DE DESLIZAMIENTO,Carril de deslizamiento,car,195,rail,
688bf07e20d85dee52256331,POLEA DE CIGÜEÑAL,Polea del cigüeñal,car,196,pulley,
688bf07e20d85dee52256331,POLEA LIBRE DEL ALTERNADOR,Polea libre del alternador,car,197,pulley,
688bf07e20d85dee52256331,TORNILLO DE POLEA,Tornillo de polea,car,198,bolt,
688bf07e20d85dee52256331,POLEA SERVOBOMBA,Polea de servobomba,car,199,pulley,
688bf07e20d85dee52256331,MANGUITO FLEXIBLE ACOPLAMIENTO,Manguito flexible de acoplamiento,car,200,flexible-coupling,
688bf07e20d85dee52256331,JUNA DE TENSOR DE LA CADENA DE DISTRIBUCIÓN,Junta del tensor de la cadena de distribución,car,201,gasket,
688bf07e20d85dee52256331,POLEA TENSORA CORREA TRAPEZOIDAL,Polea tensora para correa trapezoidal,car,202,tensioner,
688bf07e20d85dee52256331,HERRAMIENTAS PARA CORREAS / CADENAS,Herramientas para correas y cadenas,car,203,tools,
688bf07e20d85dee52256324,NEUMÁTICOS,Neumáticos para vehículos,car,204,tires,
688bf07e20d85dee52256324,TAPACUBOS,Tapacubos para ruedas,car,205,hubcap,
688bf07e20d85dee52256324,JUEGO DE FUNDAS PARA NEUMÁTICOS,Juego de fundas para neumáticos,car,206,tire-covers,
688bf07e20d85dee52256324,CUÑAS PARA RUEDAS,Cuñas para ruedas,car,207,wheel-chock,
688bf07e20d85dee52256324,LLAVES DE CRUCETA,Llaves de cruceta,car,208,wheel-wrench,
688bf07e20d85dee52256324,CADENAS PARA NIEVE,Cadenas para nieve,car,209,snow-chains,
688bf07e20d85dee52256324,GATO PARA COCHES,Gato para coches,car,210,jack,
688bf07e20d85dee52256324,COMPRESOR DE AIRE,Compresor de aire,car,211,air-compressor,
688bf07e20d85dee52256324,KIT DE REPARACIÓN DE NEUMÁTICO,Kit de reparación de neumático,car,212,tire-repair-kit,
688bf07e20d85dee52256324,TORNILLOS DE RUEDA,Tornillos de rueda,car,213,wheel-bolt,
688bf07e20d85dee52256324,ENSANCHAMIENTO ANCHO VÍA,Ensanchamiento de ancho de vía,car,214,wheel-spacer,
688bf07e20d85dee52256324,PRODUCTOS DE LIMPIEZA Y CUIDADO INTERIOR DE AUT,Productos de limpieza y cuidado interior de automóviles,car,215,interior-cleaner,
688bf07e20d85dee52256324,PASTA DE MONTAJE PARA TUBOS DE ESCAPE,Pasta de montaje para tubos de escape,car,216,exhaust-paste,
688bf07e20d85dee52256324,ADHEVISO DE CAUCHO,Adhesivo de caucho,car,217,rubber-adhesive,
688bf07e20d85dee52256324,CONTROL DE PRESIÓN DE NEUMÁTICOS,Control de presión de neumáticos,car,218,tire-pressure-monitor,
688bf07e20d85dee52256324,TUERCAS DE RUEDA,Tuercas de rueda,car,219,wheel-nut,
688bf07e20d85dee52256325,DISCOS DE FRENOS,Discos de frenos,car,220,brake-disc,
688bf07e20d85dee52256325,PASTILLAS DE FRENO,Pastillas de freno,car,221,brake-pad,
688bf07e20d85dee52256325,KIT DE REPARACIÓN PINZA DE FRENOS,Kit de reparación de pinza de frenos,car,222,brake-caliper-repair-kit,
688bf07e20d85dee52256325,ÉMBOLO PINZA DE FRENO,Émbolo de pinza de freno,car,223,brake-piston,
688bf07e20d85dee52256325,PASADOR DE PASTILLAS DE FRENO,Pasador de pastillas de freno,car,224,brake-pin,
688bf07e20d85dee52256325,SOPORTE PINZA DWE FRENO,Soporte de pinza de freno,car,225,brake-bracket,
688bf07e20d85dee52256325,INTERRUPTOR DE LUZ DE FRENO,Interruptor de luz de freno,car,226,brake-light-switch,
688bf07e20d85dee52256325,JUEGO DE FRENOS,Juego de frenos,car,227,brake-kit,
688bf07e20d85dee52256325,PROTECTOR DE DISCO DE FRENO,Protector de disco de freno,car,228,brake-disc-protector,
688bf07e20d85dee52256325,ZAPATAS DE FRENO,Zapatas de freno,car,229,brake-shoe,
688bf07e20d85dee52256325,TAMBOR DE FRENO,Tambor de freno,car,230,brake-drum,
688bf07e20d85dee52256325,JUEGO DE ACCESORIOS ZAPATAS DE FRENO,Juego de accesorios para zapatas de freno,car,231,brake-shoe-kit,
688bf07e20d85dee52256325,KIT DE FRENO DE TAMBOR,Kit de freno de tambor,car,232,brake-drum-kit,
688bf07e20d85dee52256325,LATIGUILLOS DE FRENO,Látiguillos de freno,car,233,brake-hose,
688bf07e20d85dee52256325,LIQUIDO DE FRENO,Líquido de freno,car,234,brake-fluid,
688bf07e20d85dee52256325,TUBERIAS DE FRENO,Tuberías de freno,car,235,brake-pipe,
688bf07e20d85dee52256325,ACUMULADOR DE PRESIÓN DEL SISTEMA DE FRENOS,Acumulador de presión del sistema de frenos,car,236,brake-pressure-accumulator,
688bf07e20d85dee52256325,CABLE DE FRENO DE MANO,Cable de freno de mano,car,237,handbrake-cable,
688bf07e20d85dee52256325,ZAPATAS DE FRENO DE MANO,Zapatas de freno de mano,car,238,handbrake-shoe,
688bf07e20d85dee52256325,MANDO DEL FRENO MANO ELÉCTRO,Mando del freno de mano eléctrico,car,239,handbrake-lever,
688bf07e20d85dee52256325,SENSOR ABS,Sensor ABS,car,240,abs-sensor,
688bf07e20d85dee52256325,ANILLO DE SENSOR DE ABS,Anillo de sensor de ABS,car,241,abs-ring,
688bf07e20d85dee52256325,MODULO ABS,Módulo ABS,car,242,abs-module,
688bf07e20d85dee52256325,CILINDRO PRINCIPAL DE FRENO,Cilindro principal de freno,car,243,brake-master-cylinder,
688bf07e20d85dee52256325,KIT DE REPARACIÓN DE FRENO,Kit de reparación de freno,car,244,brake-repair-kit,
688bf07e20d85dee52256325,KIT DE REPARACIÓN DE LA BOMBA DE FRENO,Kit de reparación de la bomba de freno,car,245,brake-pump-repair-kit,
688bf07e20d85dee52256325,DEPOSITO LIQUIDO DE FRENOS,Depósito de líquido de frenos,car,246,brake-fluid-reservoir,
688bf07e20d85dee52256325,CILINDRO DE FRENO RUEDA,Cilindro de freno de rueda,car,247,brake-wheel-cylinder,
688bf07e20d85dee52256325,KIT DE REPARACIÓN DEL BOMBIN DE FRENO,Kit de reparación del bombín de freno,car,248,brake-cylinder-repair-kit,
688bf07e20d85dee52256325,SERVOFRENO,Servofreno,car,249,brake-booster,
688bf07e20d85dee52256325,DEPRESOR DE FENO,Depresor de freno,car,250,brake-depressor,
688bf07e20d85dee52256325,REPARTIDO DE FRENO,Repartidor de freno,car,251,brake-proportioning-valve,
688bf07e20d85dee52256325,PRODUCTOS DE LIMPIEZA DEL FRENO Y EMBRAGUE,Productos de limpieza del freno y embrague,car,252,brake-cleaner,
688bf07e20d85dee52256325,PINTURA PINZA DE FENO,Pintura de pinza de freno,car,253,brake-caliper-paint,
688bf07e20d85dee52256325,SPRAYS Y AEROSOLES TÉCNICOS,Sprays y aerosoles técnicos,car,254,spray,
688bf07e20d85dee52256325,PASTA DE MONTAJE PARA TUBOS DE ESCAPE,Pasta de montaje para tubos de escape,car,255,exhaust-paste,
688bf07e20d85dee52256325,LUBRICANTES,Lubricantes para frenos,car,256,lubricant,
688bf07e20d85dee52256325,KIT DE EPARACIÓN EJE DE FRENO DE ESTACIONAMIENTO,Kit de reparación del eje de freno de estacionamiento,car,257,parking-brake-repair-kit,
688bf07e20d85dee52256325,SENSOR DE ACELERACIÓN LONGITUDINAL / TRANSVERSAL,Sensor de aceleración longitudinal y transversal,car,258,acceleration-sensor,
688bf07e20d85dee52256325,RELÉ SAB,Relé SAB,car,259,relay,
688bf07e20d85dee52256325,SENSOR DE RECORRIDO DEL PEDAL,Sensor de recorrido del pedal,car,260,pedal-sensor,
688bf07e20d85dee52256325,UNIDAD DE CONTROL DEL ABS / ASR,Unidad de control del ABS / ASR,car,261,abs-control-unit,
688bf07e20d85dee52256325,FORRO DE FRENOS ALTO RENDIMIENTO,Forro de frenos de alto rendimiento,car,262,high-performance-brake-lining,
688bf07e20d85dee52256325,FRENO DE DISCO ALTO RENDIMIENTO,Freno de disco de alto rendimiento,car,263,high-performance-brake-disc,
688bf07e20d85dee52256325,HERRAMIENTAS DE FRENO,Herramientas de freno,car,264,brake-tools,
688bf07e20d85dee52256325,FRENO DE MANO,Freno de mano,car,265,handbrake,
688bf07e20d85dee52256325,FRENO DE TAMBOR,Freno de tambor,car,266,brake-drum,
688bf07e20d85dee52256326,FILTRO DE ACEITE,Filtro de aceite,car,267,oil-filter,
688bf07e20d85dee52256326,FILTRO DE AIRE,Filtro de aire,car,268,air-filter,
688bf07e20d85dee52256326,FILTRO DE HABITÁCULO,Filtro de habitáculo,car,269,cabin-filter,
688bf07e20d85dee52256326,FILTRO DE COMBUSTIBLE,Filtro de combustible,car,270,fuel-filter,
688bf07e20d85dee52256326,FILTRO DE BOMBA DE COMBUSTIBLE,Filtro de bomba de combustible,car,271,fuel-pump-filter,
688bf07e20d85dee52256326,JUEGO DE FILTRO,Juego de filtros,car,272,filter-kit,
688bf07e20d85dee52256326,FILTRO CAJA DE CAMBIOS AUTOMATICA,Filtro de caja de cambios automática,car,273,transmission-filter,
688bf07e20d85dee52256326,KIT PIEZAS CAMBIO ACEITE CAJA AUTOMÁTICA,Kit de piezas para cambio de aceite de caja automática,car,274,transmission-oil-change-kit,
688bf07e20d85dee52256326,FILTRO DESHIDRATADOR,Filtro deshidratador,car,275,dehydrator-filter,
688bf07e20d85dee52256326,FILTRO HIDRÁULICO DE DIRECCIÓN,Filtro hidráulico de dirección,car,276,power-steering-filter,
688bf07e20d85dee52256326,FILTRO DE AIRE DEPORTIVO,Filtro de aire deportivo,car,277,sport-air-filter,
688bf07e20d85dee52256326,JUNTA DEL SOPORTE DEL FILTRO DE ACEITTE DEL MOTOR,Junta del soporte del filtro de aceite del motor,car,278,gasket,
688bf07e20d85dee52256326,MANGUITO DE ADMISIÓN DEL MOTOR,Manguito de admisión del motor,car,279,intake-hose,
688bf07e20d85dee52256326,VÁLVULA DEL FILTRO DE COMBUSTIBLE,Válvula del filtro de combustible,car,280,valve,
688bf07e20d85dee52256326,CÁRTER DEL FILTRO DE COMBUSTIBLE,Cárter del filtro de combustible,car,281,filter-housing,
688bf07e20d85dee52256326,SOPORTE DE LA CAJA DEL FILTRO DE AIRE,Soporte de la caja del filtro de aire,car,282,air-filter-bracket,
688bf07e20d85dee52256326,FILTRO DE AIRE SECUNDARIO,Filtro de aire secundario,car,283,secondary-air-filter,
688bf07e20d85dee52256326,LLAVES PARA FILTROS,Llaves para filtros,car,284,filter-wrench,
688bf07e20d85dee52256327,ACEITE DE MOTOR,Aceite de motor,car,285,oil,
688bf07e20d85dee52256327,ANTICONGELANTE,Anticongelante,car,286,antifreeze,
688bf07e20d85dee52256327,LIQUIDO DE FRENOS,Líquido de frenos,car,287,brake-fluid,
688bf07e20d85dee52256327,ACEITE DE TRANSMISIÓN AUTOMÁTICA,Aceite de transmisión automática,car,288,transmission-oil,
688bf07e20d85dee52256327,DETERGENTE PARA LUNAS Y CRISTALES,Detergente para lunas y cristales,car,289,glass-cleaner,
688bf07e20d85dee52256327,ACEITE DE LA DIRECCIÓN ASISTIDA,Aceite de la dirección asistida,car,290,power-steering-oil,
688bf07e20d85dee52256327,ACEITE HIDRÁULICO,Aceite hidráulico,car,291,hydraulic-oil,
688bf07e20d85dee52256327,LÍQUIDO DE ESCAPE DIPESEL / ADBLUE,Líquido de escape diésel / AdBlue,car,292,adblue,
688bf07e20d85dee52256327,AGUA DESTILADA,Agua destilada,car,293,distilled-water,
688bf07e20d85dee52256327,ADITIVOS DE ACEITE DE MOTOR,Aditivos de aceite de motor,car,294,oil-additive,
688bf07e20d85dee52256327,ADITIVOS Y TRATAMIENTOS PARA LA TRANSMISIÓN,Aditivos y tratamientos para la transmisión,car,295,transmission-additive,
688bf07e20d85dee52256327,ADITIVOS PARA FLUIDO HIDRÁULICO,Aditivos para fluido hidráulico,car,296,hydraulic-additive,
688bf07e20d85dee52256327,ADITIVOS DE COMBUSTIBLE,Aditivos de combustible,car,297,fuel-additive,
688bf07e20d85dee52256327,ADITIVOS DE TURBOCOMPRESOR,Aditivos de turbocompresor,car,298,turbo-additive,
688bf07e20d85dee52256329,FARO PRINCIPAL,Faro principal,car,299,headlight,
688bf07e20d85dee52256329,PILOTO TRASERO,Piloto trasero,car,300,taillight,
688bf07e20d85dee52256329,ESPEJO RETROVISOR,Espejo retrovisor,car,301,rearview-mirror,
688bf07e20d85dee52256329,CRISTAL ESPEJO RETROVISOR,Cristal del espejo retrovisor,car,302,mirror-glass,
688bf07e20d85dee52256329,PARACHOQUES,Parachoques,car,303,bumper,
688bf07e20d85dee52256329,GUARDABARROS,Guardabarros,car,304,fender,
688bf07e20d85dee52256329,CAPÓ,Capó,car,305,hood,
688bf07e20d85dee52256329,AMORTIGUADOR DE MALETERO,Amortiguador de maletero,car,306,trunk-damper,
688bf07e20d85dee52256329,AMORTIGUADOR DWE CAPÓ,Amortiguador del capó,car,307,hood-damper,
688bf07e20d85dee52256329,PILOTO INTERMITENTE,Piloto intermitente,car,308,turn-signal,
688bf07e20d85dee52256329,FAROS ANTINIEBLAS,Faros antiniebla,car,309,fog-light,
688bf07e20d85dee52256329,LUZ DE MATRÍCULA,Luz de matrícula,car,310,license-plate-light,
688bf07e20d85dee52256329,PIEZAS DEL FARO,Piezas del faro,car,311,headlight-parts,
688bf07e20d85dee52256329,LUZ DE FRENO ADICIONAL,Luz de freno adicional,car,312,additional-brake-light,
688bf07e20d85dee52256329,CRISTAL DEL FARO ANTINIEBLA DELANTERO,Cristal del faro antiniebla delantero,car,313,fog-light-glass,
688bf07e20d85dee52256329,LUZ ANTINIEBLA TRASERA,Luz antiniebla trasera,car,314,rear-fog-light,
688bf07e20d85dee52256329,REFLECTOR,Reflector,car,315,reflector,
688bf07e20d85dee52256329,LUZ DE APARCAMIENTO,Luz de aparcamiento,car,316,parking-light,
688bf07e20d85dee52256329,PIEZAS DE LUCES TRASERAS,Piezas de luces traseras,car,317,taillight-parts,
688bf07e20d85dee52256329,PIEZAS DE FAROS DE LUZ ANTINIEBLA,Piezas de faros de luz antiniebla,car,318,fog-light-parts,
688bf07e20d85dee52256329,LUZ DIURNA,Luz diurna,car,319,daytime-running-light,
688bf07e20d85dee52256329,LUZ DE MARCHA ATRÁS,Luz de marcha atrás,car,320,reverse-light,
688bf07e20d85dee52256329,LUCES DE FRENO,Luces de freno,car,321,brake-light,
688bf07e20d85dee52256329,CUBIERTA RETROVISOR EXTERIOR,Cubierta de retrovisor exterior,car,322,mirror-cover,
688bf07e20d85dee52256329,REJILLA PARACHOQUES,Rejilla de parachoques,car,323,bumper-grille,
688bf07e20d85dee52256329,REJILLA,Rejilla,car,324,grille,
688bf07e20d85dee52256329,MOLDURAS DE PARACHOQUE,Molduras de parachoques,car,325,bumper-molding,
688bf07e20d85dee52256329,SOPORTE DE PARACHOQUE,Soporte de parachoques,car,326,bumper-bracket,
688bf07e20d85dee52256329,REFUERZO PARAGOLPES,Refuerzo de paragolpes,car,327,bumper-reinforcement,
688bf07e20d85dee52256329,SENSORES DE APARCAMIENTO,Sensores de aparcamiento,car,328,parking-sensor,
688bf07e20d85dee52256329,FALDON DELANTERO,Faldón delantero,car,329,front-spoiler,
688bf07e20d85dee52256329,TAPA DEL ENGANCHE DE REMOLCADO,Tapa del enganche de remolcado,car,330,tow-hitch-cover,
688bf07e20d85dee52256329,PASO DE RUEDA,Paso de rueda,car,331,wheel-arch,
688bf07e20d85dee52256329,ALETINES,Aletines,car,332,side-skirt,
688bf07e20d85dee52256329,LÁMPARA PARA FAROS DE CARRETERA,Lámpara para faros de carretera,car,333,high-beam-bulb,
688bf07e20d85dee52256329,BOMBILLA PARA LUCES INTERMITENTES,Bombilla para luces intermitentes,car,334,turn-signal-bulb,
688bf07e20d85dee52256329,LÁMPARA DE LUZ DE MATRÍCULA,Lámpara de luz de matrícula,car,335,license-plate-bulb,
688bf07e20d85dee52256329,LÁMPARA DE FARO TRASERO,Lámpara de faro trasero,car,336,taillight-bulb,
688bf07e20d85dee52256329,LÁMPARA DE FARO,Lámpara de faro,car,337,headlight-bulb,
688bf07e20d85dee52256329,FAROS DE XENÓN,Faros de xenón,car,338,xenon-headlight,
688bf07e20d85dee52256329,LÁMPARA PARA FAROS DE LUZ ANTINIEBLA,Lámpara para faros de luz antiniebla,car,339,fog-light-bulb,
688bf07e20d85dee52256329,PUERTAS PIEZA,Puertas pieza,car,340,door,
688bf07e20d85dee52256329,POMO DE PUERTA,Pomo de puerta,car,341,door-handle,
688bf07e20d85dee52256329,CAERRADURA DE PUERTA,Cerradura de puerta,car,342,door-lock,
688bf07e20d85dee52256329,MOLDURAS,Molduras,car,343,molding,
688bf07e20d85dee52256329,PORTÓN TRASERO,Portón trasero,car,344,rear-hatch,
688bf07e20d85dee52256329,BOMBÍN DE CERRADURA,Bombín de cerradura,car,345,lock-cylinder,
688bf07e20d85dee52256329,JUNTA DE PARABRISAS,Junta de parabrisas,car,346,windshield-gasket,
688bf07e20d85dee52256329,CIERRE CENTRALIZADO,Cierre centralizado,car,347,central-locking,
688bf07e20d85dee52256329,JUNTA DEL MARCO DE LA PUERTA,Junta del marco de la puerta,car,348,door-frame-gasket,
688bf07e20d85dee52256329,SOPORTE DE RADIADOR,Soporte de radiador,car,349,radiator-support,
688bf07e20d85dee52256329,UMBRAL,Umbral,car,350,door-sill,
688bf07e20d85dee52256329,CHAPA LATERAL,Chapa lateral,car,351,side-panel,
688bf07e20d85dee52256329,CUBIERTA MOTOR,Cubierta del motor,car,352,engine-cover,
688bf07e20d85dee52256329,ALIJAMIENTO DEL GATO HIDRÁULICO,Alojamiento del gato hidráulico,car,353,jack-compartment,
688bf07e20d85dee52256329,PUENTE,Puente,car,354,beam,
688bf07e20d85dee52256329,PROTECTOR ANTIPOEMTRAMINENTO DEL MOTOR,Protector antipolvo del motor,car,355,engine-dust-protector,
688bf07e20d85dee52256329,LARGUERO,Larguero,car,356,side-member,
688bf07e20d85dee52256329,AMORTIGUACIÓN DEL COMPORTAMIENTO DE MOTOR,Amortiguación del comportamiento del motor,car,357,engine-mount,
688bf07e20d85dee52256329,DEPÓSITO DE COMBUSTIBLE,Depósito de combustible,car,358,fuel-tank,
688bf07e20d85dee52256329,VÁLVULA DE VENTILACIÓN DEL DEPÓSITO DEL COMBUSTIBLE,Válvula de ventilación del depósito de combustible,car,359,vent-valve,
688bf07e20d85dee52256329,INTERRUPTOR DE ENCENDIDO,Interruptor de encendido,car,360,ignition-switch,
688bf07e20d85dee52256329,LUNAS DE VENTANAS,Lunas de ventanas,car,361,window-glass,
688bf07e20d85dee52256329,PRODUCTOS DE LAVADO Y CUIDADO EXTERIOR DE AUTOS,Productos de lavado y cuidado exterior de automóviles,car,362,exterior-cleaner,
688bf07e20d85dee52256329,ESPONJAS TOALLITAS Y CEPILLOS,Esponjas toallitas y cepillos,car,363,sponges-towels-brushes,
688bf07e20d85dee52256329,PINTURAS AUTOMOTICES,Pinturas automotrices,car,364,automotive-paint,
688bf07e20d85dee52256329,PINTURAS PARA EL PARACHOQUES,Pinturas para el parachoques,car,365,bumper-paint,
688bf07e20d85dee52256329,PINTURA EN SPRAY DE COLOR RAL,Pintura en spray de color RAL,car,366,ral-spray-paint,
688bf07e20d85dee52256329,LACAS,Lacas,car,367,lacquer,
688bf07e20d85dee52256329,PRODUCTOS DESENGRASANTES POTENTES,Productos desengrasantes potentes,car,368,degreaser,
688bf07e20d85dee52256329,PINTURA PARA IMPRIMACIÓN DEL AUTOMÓVIL,Pintura para imprimación del automóvil,car,369,primer-paint,
688bf07e20d85dee52256329,ENDURECEDROES DE PINTURA,Endurecedores de pintura,car,370,paint-hardener,
688bf07e20d85dee52256329,DILUYENTES,Diluyentes,car,371,thinner,
688bf07e20d85dee52256329,CONVERTIDORES DE ÓXIDO,Convertidores de óxido,car,372,rust-converter,
688bf07e20d85dee52256329,RECUBRMIENTO ANTICORROSIVO,Recubrimiento anticorrosivo,car,373,anti-corrosion-coating,
688bf07e20d85dee52256329,PROTECTOR ANTIGRAVILLA,Protector antigravilla,car,374,stone-chip-protector,
688bf07e20d85dee52256329,CERA PARA CAVIDADES,Cera para cavidades,car,375,cavity-wax,
688bf07e20d85dee52256329,SELLADOR DE PARABRISAS Y VÍDRIO,Sellador de parabrisas y vidrio,car,376,windshield-sealant,
688bf07e20d85dee52256329,ADHEESIVO PARA VIDIRIO DE AUTOS Y PARABRISAS,Adhesivo para vidrio de automóviles y parabrisas,car,377,glass-adhesive,
688bf07e20d85dee52256329,PEGAMENTOS PARA PLÁSTICOS,Pegamentos para plásticos,car,378,plastic-adhesive,
688bf07e20d85dee52256329,MUELLE NEUMÁTICO CAPOTA,Muelle neumático de capota,car,379,hood-spring,
688bf07e20d85dee52256329,JUNTA DEL TECHO CORREDIZO,Junta del techo corredizo,car,380,sunroof-gasket,
688bf07e20d85dee52256329,JUNTA LUZ TRASERA,Junta de luz trasera,car,381,rear-light-gasket,
688bf07e20d85dee52256329,REVESTIMIENTO POSTERIOR,Revestimiento posterior,car,382,rear-trim,
688bf07e20d85dee52256329,BASTIDOR DE TECHO,Bastidor de techo,car,383,roof-frame,
688bf07e20d85dee52256329,LOTIPO,Lotipo,car,384,logo,
688bf07e20d85dee52256329,PLACA DE MATRÍCULA Y SOPORTE,Placa de matrícula y soporte,car,385,license-plate-bracket,
688bf07e20d85dee52256329,SOPORTE DEL SENSOR DE AYUDA AL APARCAMIENTO,Soporte del sensor de ayuda al aparcamiento,car,386,parking-assist-bracket,
688bf07e20d85dee52256329,PANEL DEL PISO Y PANEL DEL BAJOS,Panel del piso y panel de bajos,car,387,floor-panel,
688bf07e20d85dee52256329,SUJECIÓN DEL RADIADOR,Sujeción del radiador,car,388,radiator-mount,
688bf07e20d85dee52256329,INTERMITENTE LATERAL,Intermitente lateral,car,389,side-indicator,
688bf07e20d85dee52256329,PARABRISAS,Parabrisas,car,390,windshield,
688bf07e20d85dee52256329,LUNA TRASERA,Luna trasera,car,391,rear-window,
688bf07e20d85dee52256329,CRISTAL FARO,Cristal de faro,car,392,headlight-glass,
688bf07e20d85dee52256329,CAERADURA PORTÓN TRASERO,Cerradura del portón trasero,car,393,hatch-lock,
688bf07e20d85dee52256329,SOPORTE DE3 BATERÍA,Soporte de batería,car,394,battery-holder,
688bf07e20d85dee52256329,ALETINES,Aletines,car,395,side-skirt,
688bf07e20d85dee5225632a,COJNETE DE RUEDA,Cojinete de rueda,car,396,wheel-bearing,
688bf07e20d85dee5225632a,BRAZO DE SUSPENSIÓN,Brazo de suspensión,car,397,suspension-arm,
688bf07e20d85dee5225632a,SILENTBLOCK BARRA ESTABILIZADORA,Silentblock de barra estabilizadora,car,398,stabilizer-bushing,
688bf07e20d85dee5225632a,JUEGO DE REPARACIÓN BRAZO DE SUSPENSIÓN,Juego de reparación de brazo de suspensión,car,399,suspension-arm-repair-kit,
688bf07e20d85dee5225632a,CONTROL DE PRESIÓN DE NEUMÁTICOS,Control de presión de neumáticos,car,400,tire-pressure-monitor,
688bf07e20d85dee5225632a,BUJE DE RUEDA,Buje de rueda,car,401,wheel-bushing,
688bf07e20d85dee5225632a,RETÉN DEL BUJE DE RUEDA,Retén del buje de rueda,car,402,bushing-seal,
688bf07e20d85dee5225632a,TUERCA DEL MUÑON DEL EJE,Tuerca del muñón del eje,car,403,kingpin-nut,
688bf07e20d85dee5225632a,SILENTBLOCK BRAZO SUSPENSIÓN,Silentblock de brazo de suspensión,car,404,suspension-arm-bushing,
688bf07e20d85dee5225632a,KIT DE MONTAJE DE LA BARRA OSCILANTE,Kit de montaje de la barra oscilante,car,405,swing-arm-mount-kit,
688bf07e20d85dee5225632a,KIT DE REPARACIÓN DE LA SUSPENSIÓN,Kit de reparación de la suspensión,car,406,suspension-repair-kit,
688bf07e20d85dee5225632a,TORNILLO DE AJUSTE DE LA INCLINACIÓN,Tornillo de ajuste de la inclinación,car,407,camber-adjustment-bolt,
688bf07e20d85dee5225632a,BARRA ESTABILIZADORA,Barra estabilizadora,car,408,stabilizer-bar,
688bf07e20d85dee5225632a,KIT DE REPARACIÓN DE LA BARRA DE ACOPLAMIENTO,Kit de reparación de la barra de acoplamiento,car,409,link-repair-kit,
688bf07e20d85dee5225632a,SOPORTE DE LA BARRA ESTABLIZADORA,Soporte de la barra estabilizadora,car,410,stabilizer-bracket,
688bf07e20d85dee5225632a,RÓTULA AXIAL DE DIRECCIÓN,Rótula axial de dirección,car,411,steering-ball-joint,
688bf07e20d85dee5225632a,FUELLE DE DIRECCIÓN,Fuelle de dirección,car,412,steering-boot,
688bf07e20d85dee5225632a,ROÓTULA DE SUSPENSIÓN,Rótula de suspensión,car,413,suspension-ball-joint,
688bf07e20d85dee5225632a,KIT DE REPARACIÓN DE LA RÓTULA DE LA SUSPENSIÓN,Kit de reparación de la rótula de la suspensión,car,414,suspension-ball-joint-repair-kit,
688bf07e20d85dee5225632a,COPELAS DEL AMORTIGUADOR,Copelas del amortiguador,car,415,shock-absorber-bushing,
688bf07e20d85dee5225632a,GUARDAPOLVOS AMORTIGUADOR Y DE SUSPENSIÓN,Guardapolvos de amortiguador y de suspensión,car,416,shock-absorber-boot,
688bf07e20d85dee5225632a,BALLESTAS,Ballestas,car,417,leaf-spring,
688bf07e20d85dee5225632a,TORNILLOS DE RUEDA,Tornillos de rueda,car,418,wheel-bolt,
688bf07e20d85dee5225632a,ENSANCHAMIENTO ANCHO VÍA,Ensanchamiento de ancho de vía,car,419,wheel-spacer,
688bf07e20d85dee5225632a,TACO DE MOTOR,Taco de motor,car,420,engine-mount,
688bf07e20d85dee5225632a,SOPORTE DE LA CAJA DE CAMBIOS,Soporte de la caja de cambios,car,421,transmission-mount,
688bf07e20d85dee5225632a,BUJE EJE,Buje de eje,car,422,axle-bushing,
688bf07e20d85dee5225632a,PUENTE,Puente,car,423,beam,
688bf07e20d85dee5225632a,SENSOR DE ABS,Sensor de ABS,car,424,abs-sensor,
688bf07e20d85dee5225632a,ANILLO DE SENSOR DE ABS,Anillo de sensor de ABS,car,425,abs-ring,
688bf07e20d85dee5225632a,MANGUETA,Mangueta,car,426,steering-knuckle,
688bf07e20d85dee5225632a,CAJA COJINETE RUEDA,Caja cojinete de rueda,car,427,wheel-bearing-housing,
688bf07e20d85dee5225632a,PIVOTE DE DIRECCIPÓN,Pivote de dirección,car,428,steering-pivot,
688bf07e20d85dee5225632a,PASTA DE MONTAJE PARA TUBOS DE ESCAPE,Pasta de montaje para tubos de escape,car,429,exhaust-paste,
688bf07e20d85dee5225632a,SPRAYS Y AEROSOLES TÉCNICOS,Sprays y aerosoles técnicos,car,430,spray,
688bf07e20d85dee5225632a,FIJADORES DE ROSCA,Fijadores de rosca,car,431,thread-locker,
688bf07e20d85dee5225632a,SUSPENSIÓN DE LA CABINA,Suspensión de la cabina,car,432,cabin-suspension,
688bf07e20d85dee5225632a,HERRAMIENTAS PARA SUSPENSIÓN,Herramientas para suspensión,car,433,suspension-tools,
688bf07e20d85dee5225632a,CASQUILLO DEL PIVOTE DE LA MANGUETA,Casquillo del pivote de la mangueta,car,434,steering-knuckle-bushing,
688bf07e20d85dee5225632b,AMORTIGUADORES,Amortiguadores,car,435,shock-absorber,
688bf07e20d85dee5225632b,COPELAS DEL AMORTIGUADOR,Copelas del amortiguador,car,436,shock-absorber-bushing,
688bf07e20d85dee5225632b,GUARDAPOLVOS AMORTIGUADOR Y DE SUSPENSIÓN,Guardapolvos de amortiguador y de suspensión,car,437,shock-absorber-boot,
688bf07e20d85dee5225632b,SOPORTE DE AMORTIGUADOR,Soporte de amortiguador,car,438,shock-absorber-mount,
688bf07e20d85dee5225632b,SOPORTE PARACHOQUES,Soporte de parachoques,car,439,bumper-mount,
688bf07e20d85dee5225632b,MUELLES DE SUSPENSIÓN,Muelles de suspensión,car,440,spring,
688bf07e20d85dee5225632b,CAJA DE MUELLES,Caja de muelles,car,441,spring-housing,
688bf07e20d85dee5225632b,KIT DE SUSPENSIÓN DE MUELLES,Kit de suspensión de muelles,car,442,spring-suspension-kit,
688bf07e20d85dee5225632b,KIT DE SUSPENSIÓN DE MUELLES AMORTIGUADORES,Kit de suspensión de muelles y amortiguadores,car,443,spring-shock-kit,
688bf07e20d85dee5225632b,BALLESTAS,Ballestas,car,444,leaf-spring,
688bf07e20d85dee5225632b,KIT DE REPARACIÓN DE LA SUSPENSIÓN,Kit de reparación de la suspensión,car,445,suspension-repair-kit,
688bf07e20d85dee5225632b,TORNILLO DE AJUSTE DE LA INCLINACIÓN,Tornillo de ajuste de la inclinación,car,446,camber-adjustment-bolt,
688bf07e20d85dee5225632b,AMORTIGUADOR TELESCÓPICO NEUMATICO,Amortiguador telescópico neumático,car,447,pneumatic-shock-absorber,
688bf07e20d85dee5225632b,COMPRESOR DEL SISTEMA DE AIRE COMPRIMIDO,Compresor del sistema de aire comprimido,car,448,air-compressor,
688bf07e20d85dee5225632b,GUARDAPOLVOS DE LA SUSPENSIÓN NEUMÁTICA,Guardapolvos de la suspensión neumática,car,449,air-suspension-boot,
688bf07e20d85dee5225632b,ACEITE HIDRÁULICO,Aceite hidráulico,car,450,hydraulic-oil,
688bf07e20d85dee5225632b,ESFERA DE SUSPENSIÓN,Esfera de suspensión,car,451,suspension-sphere,
688bf07e20d85dee5225632c,ESCOBILLAS DE LIMPIAPARABRISAS,Escobillas de limpiaparabrisas,car,452,windshield-wiper,
688bf07e20d85dee5225632c,BRAZO DE LIMPIAPARABRISAS,Brazo de limpiaparabrisas,car,453,wiper-arm,
688bf07e20d85dee5225632c,DETERNTE PARA LUNAS Y CRISTALES,Detergente para lunas y cristales,car,454,glass-cleaner,
688bf07e20d85dee5225632c,MOTOR DEL LIMPIAPARABRISAS,Motor del limpiaparabrisas,car,455,wiper-motor,
688bf07e20d85dee5225632c,VARILLAJE DE LIMPIAPARABRISAS,Varillaje de limpiaparabrisas,car,456,wiper-linkage,
688bf07e20d85dee5225632c,BOMBA DE LIMPIAPARBRISAS,Bomba de limpiaparabrisas,car,457,washer-pump,
688bf07e20d85dee5225632c,DEPOSITO DE LIMPIA PARABRISAS,Depósito de limpiaparabrisas,car,458,washer-reservoir,
688bf07e20d85dee5225632c,BOQUILLAS DE LIMPIAPARABRISAS,Boquillas de limpiaparabrisas,car,459,washer-nozzle,
688bf07e20d85dee5225632c,BOMBA DEL SISTEMA LAVAFAROS,Bomba del sistema lavafaros,car,460,headlight-washer-pump,
688bf07e20d85dee5225632c,EYECTOR DEL LAVAFAROS,Eyector del lavafaros,car,461,headlight-washer-nozzle,
688bf07e20d85dee5225632c,SENSOR NIVEL AGUA LAVADO,Sensor de nivel de agua de lavado,car,462,washer-level-sensor,
688bf07e20d85dee5225632c,CONMUTADOR EN LA COLUMNA DE DIRECCIÓN,Conmutador en la columna de dirección,car,463,steering-column-switch,
688bf07e20d85dee5225632c,RELE LIMPIAPARABRISAS,Relé de limpiaparabrisas,car,464,wiper-relay,
688bf07e20d85dee5225632c,CONECTOR DE MANGUITO DE LAVADO,Conector de manguito de lavado,car,465,washer-hose-connector,
688bf07e20d85dee5225632c,SENSOR DE LLUVIA,Sensor de lluvia,car,466,rain-sensor,
688bf07e20d85dee5225632c,ESCOBILLA LIMPIAFAROS,Escobilla limpiafaros,car,467,headlight-wiper,
688bf07e20d85dee5225632d,SILENCIADOR TRASERO,Silenciador trasero,car,468,rear-muffler,
688bf07e20d85dee5225632d,SILENCIADOR INTERMEDIO,Silenciador intermedio,car,469,intermediate-muffler,
688bf07e20d85dee5225632d,TUBOS DE ESCAPE,Tubos de escape,car,470,exhaust-pipe,
688bf07e20d85dee5225632d,CATALIZADOR,Catalizador,car,471,catalytic-converter,
688bf07e20d85dee5225632d,FILTRO DE PARTÍCULAS,Filtro de partículas,car,472,particulate-filter,
688bf07e20d85dee5225632d,JUEGO DE MONATAJE DEL SISTEMA DE ESCAPE,Juego de montaje del sistema de escape,car,473,exhaust-mount-kit,
688bf07e20d85dee5225632d,TUBO FLEXIBLE DE ESCAPE,Tubo flexible de escape,car,474,flexible-exhaust-pipe,
688bf07e20d85dee5225632d,SILENCIADOR POSTERIOR,Silenciador posterior,car,475,rear-silencer,
688bf07e20d85dee5225632d,COLA DE ESCAPE,Cola de escape,car,476,exhaust-tail,
688bf07e20d85dee5225632d,SONDA LAMBDA,Sonda lambda,car,477,lambda-sensor,
688bf07e20d85dee5225632d,SENSOR PRESIÓN GAS DE ESCAPE,Sensor de presión de gas de escape,car,478,exhaust-pressure-sensor,
688bf07e20d85dee5225632d,SENSOR DE TEMPERATURA DE LOS GASES DE ESCAPE,Sensor de temperatura de los gases de escape,car,479,exhaust-temperature-sensor,
688bf07e20d85dee5225632d,RECONVERSIÓN EURO 1/ EURO2/ D3,Reconversión Euro 1/ Euro 2/ D3,car,480,euro-conversion,
688bf07e20d85dee5225632d,MÓDULO DOSIFICADOR,Módulo dosificador,car,481,dosing-module,
688bf07e20d85dee5225632d,VÁLVULA EGR,Válvula EGR,car,482,egr-valve,
688bf07e20d85dee5225632d,JUNTA DE VÁLVULA EGR,Junta de válvula EGR,car,483,egr-valve-gasket,
688bf07e20d85dee5225632d,VÁLVULA DE AIRE SECUNDARIO,Válvula de aire secundario,car,484,secondary-air-valve,
688bf07e20d85dee5225632d,BOMBA DE AIRE SECUNDARIO,Bomba de aire secundario,car,485,secondary-air-pump,
688bf07e20d85dee5225632d,REFRIGERADOR DE GAS DE ESCAPE,Refrigerador de gas de escape,car,486,exhaust-gas-cooler,
688bf07e20d85dee5225632d,SOPORTE TUBO DE ESCAPE,Soporte de tubo de escape,car,487,exhaust-pipe-bracket,
688bf07e20d85dee5225632d,JUNTA DE ESCAPE,Junta de escape,car,488,exhaust-gasket,
688bf07e20d85dee5225632d,ABRAZADERA DE TUBO DE ESCAPE,Abrazadera de tubo de escape,car,489,exhaust-pipe-clamp,
688bf07e20d85dee5225632d,ABRAZADERA DEL TUBO DE ESCAPE,Abrazadera del tubo de escape,car,490,exhaust-pipe-clamp,
688bf07e20d85dee5225632d,CINTA DE GOMA DE LA LÍNEA DE ESCAPE,Cinta de goma de la línea de escape,car,491,exhaust-rubber-tape,
688bf07e20d85dee5225632d,ANILLO DE SOPORTE SILENCIADOR,Anillo de soporte de silenciador,car,492,muffler-support-ring,
688bf07e20d85dee5225632d,TURBOCOMPRESOR,Turbocompresor,car,493,turbo,
688bf07e20d85dee5225632d,INTERCOOLER,Intercooler,car,494,intercooler,
688bf07e20d85dee5225632d,JUNTA DE TURBOCOMPRESOR,Junta del turbocompresor,car,495,turbo-gasket,
688bf07e20d85dee5225632d,TRANSDUCTOR DE PRESIÓN,Transductor de presión,car,496,pressure-transducer,
688bf07e20d85dee5225632d,MANGUERA TURBO,Manguera del turbo,car,497,turbo-hose,
688bf07e20d85dee5225632d,SENSOR DE PERSIÓN DE ADMISIÓN,Sensor de presión de admisión,car,498,intake-pressure-sensor,
688bf07e20d85dee5225632d,VÁLVULA DE ALIVIO,Válvula de alivio,car,499,relief-valve,
688bf07e20d85dee5225632d,JUNTA COLECTOR DE ESCAPE,Junta del colector de escape,car,500,exhaust-manifold-gasket,
688bf07e20d85dee5225632d,COLECTORES DE ESCAPE,Colectores de escape,car,501,exhaust-manifold,
688bf07e20d85dee5225632d,SELLADOR DE ESCAPES,Sellador de escapes,car,502,exhaust-sealant,
688bf07e20d85dee5225632d,LÍQUIDO DE ESCAPE DIPESEL / ADBLUE,Líquido de escape diésel / AdBlue,car,503,adblue,
688bf07e20d85dee5225632d,PINTURA DEL MOTOR Y ALTA TEMPERATURA,Pintura del motor y alta temperatura,car,504,high-temp-paint,
688bf07e20d85dee5225632d,LIMPIADOR DEL FILTRO DE PARTÍCULAS,Limpiador del filtro de partículas,car,505,particulate-filter-cleaner,
688bf07e20d85dee5225632d,ALETA DE GASES DE ESCAPE,Aleta de gases de escape,car,506,exhaust-gas-flap,
688bf07e20d85dee5225632d,JUEGO DE MONATAJE CATALIZADO,Juego de montaje de catalizador,car,507,catalytic-converter-mount-kit,
688bf07e20d85dee5225632d,PROTECTOR ANTITÉRMICO,Protector antitérmico,car,508,heat-protector,
688bf07e20d85dee5225632d,KIT DE MONATAJE COLECTOR DE ESCAPE,Kit de montaje de colector de escape,car,509,exhaust-manifold-mount-kit,
688bf07e20d85dee5225632d,JUEGO DE MONTAJE SILENCIADOR,Juego de montaje de silenciador,car,510,muffler-mount-kit,
688bf07e20d85dee5225632e,ALFOMBRILLAS DE COCHE,Alfombrillas de coche,car,511,car-mats,
688bf07e20d85dee5225632e,ACCESORIOS PARA EL INTERIOR DEL COCHE,Accesorios para el interior del coche,car,512,interior-accessories,
688bf07e20d85dee5225632e,ACCESORIOS PARA LA LIMPIEZA Y CUIDADO DEL COCHE,Accesorios para la limpieza y cuidado del coche,car,513,cleaning-accessories,
688bf07e20d85dee5225632e,ACCESORIOS DE INVIERNO PARA COCHE,Accesorios de invierno para coche,car,514,winter-accessories,
688bf07e20d85dee5225632e,EMERGENCIAS Y PRIMEROS AUXLIOS EN CARRETERA,Emergencias y primeros auxilios en carretera,car,515,emergency-kit,
688bf07e20d85dee5225632e,ELECTRÓNICA DEL COCHE,Electrónica del coche,car,516,car-electronics,
688bf07e20d85dee5225632e,ACCESORIOS DE TELÉFONO PARA COCHE,Accesorios de teléfono para coche,car,517,phone-accessories,
688bf07e20d85dee5225632e,ACCESORIOS INFANTILES PARA COCHE,Accesorios infantiles para coche,car,518,child-accessories,
688bf07e20d85dee5225632e,ACCESORIOS PARA NEUMÁTICOS Y RUEDAS,Accesorios para neumáticos y ruedas,car,519,tire-accessories,
688bf07e20d85dee5225632e,BARRAS DE TECHO Y PORTAEQUIPAJES PARA COCHE,Barras de techo y portaequipajes para coche,car,520,roof-rack,
688bf07e20d85dee5225632e,ACCESORIOS EXTERIORES PARA COCHES,Accesorios exteriores para coches,car,521,exterior-accessories,
688bf07e20d85dee5225632e,ACCESORIOS DE COCHE PARA PERROS,Accesorios de coche para perros,car,522,dog-accessories,
688bf07e20d85dee5225632e,ENTRETENIMIENTO EN EL COCHE,Entretenimiento en el coche,car,523,entertainment,
688bf07e20d85dee5225632e,ACCESORIOS DE CARGA,Accesorios de carga,car,524,cargo-accessories,
688bf07e20d85dee5225632e,MICROMOVILIDAD,Micromovilidad,car,525,micromobility,
688bf07e20d85dee5225632e,AMBIENTADOR,Ambientador,car,526,air-freshener,
688bf07e20d85dee5225632e,REPELENTE DE ROEDORES,Repelente de roedores,car,527,rodent-repellent,
688bf07e20d85dee5225632f,BUJÍA DE ENCENDIDO,Bujía de encendido,car,528,spark-plug,
688bf07e20d85dee5225632f,BUJÍAS DE PRECALENTAMIENTO,Bujías de precalentamiento,car,529,glow-plug,
688bf07e20d85dee5225632f,BOBINA DE ENCENDIDO,Bobina de encendido,car,530,ignition-coil,
688bf07e20d85dee5225632f,CABLES DE BUJÍAS,Cables de bujías,car,531,spark-plug-wire,
688bf07e20d85dee5225632f,CONECTOR DE LA BUJÍA DE ENCENDIDO,Conector de la bujía de encendido,car,532,spark-plug-connector,
688bf07e20d85dee5225632f,SENSOR DE CIGÜEÑAL,Sensor del cigüeñal,car,533,crankshaft-sensor,
688bf07e20d85dee5225632f,SENSOR DE ARBOL DE LEVAS,Sensor del árbol de levas,car,534,camshaft-sensor,
688bf07e20d85dee5225632f,SENSOR DE DETONACIÓN,Sensor de detonación,car,535,knock-sensor,
688bf07e20d85dee5225632f,RELÉ DE PRECALENTAMIENTO,Relé de precalentamiento,car,536,glow-plug-relay,
688bf07e20d85dee5225632f,TAPA DE DELCO,Tapa del delco,car,537,distributor-cap,
688bf07e20d85dee5225632f,DELCO,Delco,car,538,distributor,
688bf07e20d85dee5225632f,ROTOR DE DISTRIBUCIÓN,Rotor de distribución,car,539,distributor-rotor,
688bf07e20d85dee5225632f,MÓDULO DE ENCENDIDO,Módulo de encendido,car,540,ignition-module,
688bf07e20d85dee5225632f,JUNTA DE CÁRTER DE DISTRIBUCIÓN,Junta del cárter de distribución,car,541,distributor-gasket,
688bf07e20d85dee5225632f,UNIDAD DE CONTROL MANDO DEL MOTOR,Unidad de control y mando del motor,car,542,ecu,
688bf07e20d85dee5225632f,CINTA ELÉCTRICA LÍQUIDA,Cinta eléctrica líquida,car,543,liquid-electrical-tape,
688bf07e20d85dee5225632f,LÍQUIDOO DE ARRANQUE,Líquido de arranque,car,544,starting-fluid,
688bf07e20d85dee5225632f,KIT DE REPARACIÓN DEL DISTRIBUIDOR DE ENCENDIDO,Kit de reparación del distribuidor de encendido,car,545,distributor-repair-kit,
688bf07e20d85dee5225632f,TAPA ANTIPOLVO DEL DISTRIBUDIOR DE ENCENDIDO,Tapa antipolvo del distribuidor de encendido,car,546,distributor-dust-cap,
688bf07e20d85dee5225632f,CÁPSULA DE VACÍO DEL DISTRIBUIDOR DE ENCENDIDO,Cápsula de vacío del distribuidor de encendido,car,547,distributor-vacuum-capsule,
688bf07e20d85dee5225632f,HERRAMIENTAS PARA ENCENDIDO / PRECALENTAMIENTO,Herramientas para encendido y precalentamiento,car,548,ignition-tools, 