categoryName,name,description,vehicleType,order,icon,image
Motor,Bomba de agua + Kit de distribución,Kit completo de bomba de agua y distribución,car,1,water-pump,
Motor,KIT DE DISTRIBUCIÓN,Kit completo de distribución del motor,car,2,timing-belt,
Motor,KIT DE MONTAJE DE LA CADENA DE DISTRIBUCIÓN,Kit de montaje para cadena de distribución,car,3,timing-chain,
Motor,TACO DE MOTOR,Taco de soporte del motor,car,4,engine-mount,
Motor,CORREA DE DISTRIBUCIÓN,Correa de distribución del motor,car,5,timing-belt,
Motor,CORREA POLY V,Correa poly V del motor,car,6,poly-v-belt,
Motor,KIT DE CORREA POLY V,Kit completo de correa poly V,car,7,poly-v-kit,
Motor,POLEA TENSORA CORREA DENTADA,Polea tensora para correa dentada,car,8,tensioner,
Motor,VÁLVULA DE CONTROL DEL ÁRBOL DE LEVAS,Válvula de control del árbol de levas,car,9,valve,
Motor,PIÑON DEL ÁRBOL DE LEVAS,Piñón del árbol de levas,car,10,gear,
Motor,CADENA DE DISTRIBUCÍON,Cadena de distribución del motor,car,11,timing-chain,
Motor,TENSOR DE CADENA DE DISTRIBUCIÓN,Tensor de cadena de distribución,car,12,tensioner,
Motor,AJUSTADOR ÁRBOL DE LEVAS,Ajustador del árbol de levas,car,13,adjuster,
Motor,POLEA INVERSIÓN / GUÍA CORREA DE DISTRIBUCÍON,Polea de inversión y guía para correa de distribución,car,14,pulley,
Motor,TURBOCOMPRESOR,Turbocompresor del motor,car,15,turbo,
Motor,CAUDALÍMETRO,Caudalímetro del motor,car,16,flow-meter,
Motor,CUERPO DE MARAPISO,Cuerpo de mariposa,car,17,throttle-body,
Motor,INTERCOOLER,Intercooler del motor,car,18,intercooler,
Motor,CARRIL DE DESLIZAMIENTO,Carril de deslizamiento,car,19,rail,
Motor,RUEDA DENTADA CIGÜEÑAL,Rueda dentada del cigüeñal,car,20,gear,
Motor,TENSOR DE LA CORREA DE DISTRIBUCIÓN,Tensor de la correa de distribución,car,21,tensioner,
Motor,JUNTA DE TAPA DE BALANCINES,Junta de tapa de balancines,car,22,gasket,
Motor,JUNTA DE CULATA,Junta de culata del motor,car,23,head-gasket,
Motor,TAQUÉS HIDRÁULICOS,Taqués hidráulicos,car,24,tappet,
Motor,RETENES DE VALVULAS,Retenes de válvulas,car,25,seal,
Motor,TORNILLOS DE CULATA,Tornillos de culata,car,26,bolt,
Motor,BALANCINES,Balancines del motor,car,27,rocker,
Motor,VÁLVULA DE ESCAPE,Válvula de escape,car,28,valve,
Motor,VÁLVULA DE ADMISIÓN,Válvula de admisión,car,29,valve,
Motor,JUNTA DE VÁLVULAS Y GUIA DE VÁVULAS AJUSTES DE,Junta de válvulas y guía de válvulas,car,30,gasket,
Motor,ARBBOL DE LEVAS,Árbol de levas,car,31,camshaft,
Motor,RETÉN DE ÁRBOL DE LEVAS,Retén del árbol de levas,car,32,seal,
Motor,TAPA DE LLENADO DE ACEITE,Tapa de llenado de aceite,car,33,cap,
Motor,SEMICONO DE FIJACIÓN DE LA VÁLVULA,Semicono de fijación de la válvula,car,34,cone,
Motor,CULATA,Culata del motor,car,35,cylinder-head,
Motor,TAPA DE BALANCINES,Tapa de balancines,car,36,cover,
Motor,COJINETES DEL ÁRBOL DE LEVAS,Cojinetes del árbol de levas,car,37,bearing,
Motor,RETÉN DE CIGÜEÑAL,Retén del cigüeñal,car,38,seal,
Motor,SEGMENTOS DE PISTON,Segmentos de pistón,car,39,piston-ring,
Motor,JUEGOS DE JUNTAS DE MOTOR,Juegos de juntas del motor,car,40,gasket-set,
Motor,PISTÓNS,Pistones del motor,car,41,piston,
Motor,JUEGO COMPLETO DE JUNTAS DE MOTOR,Juego completo de juntas del motor,car,42,gasket-set,
Motor,VOLANTE BIMASA,Volante bimasa,car,43,flywheel,
Motor,APOYO DEL CIGÜEÑAL,Apoyo del cigüeñal,car,44,bearing,
Motor,DISCOS DEL CIGÜEÑAL,Discos del cigüeñal,car,45,disk,
Motor,BLOQUE MOTOR,Bloque del motor,car,46,engine-block,
Motor,ACEITE DE MOTOR,Aceite para el motor,car,47,oil,
Motor,CÉRTER DE ACEITE,Cárter de aceite,car,48,oil-pan,
Motor,TAPON DE CÁRTER,Tapón del cárter,car,49,plug,
Motor,BOMBA DE ACEITE,Bomba de aceite del motor,car,50,oil-pump,
Motor,ARANDELA DE TAPON DE CÉRTER,Arandela del tapón del cárter,car,51,washer,
Motor,VARILLA DE ACEITE,Varilla de aceite,car,52,dipstick,
Motor,JUNTA DEL CÁRTER,Junta del cárter,car,53,gasket,
Motor,SENSOR DE PRESIÓN DE ACEITE,Sensor de presión de aceite,car,54,sensor,
Motor,ENFRIADOR DE ACEITE,Enfriador de aceite,car,55,oil-cooler,
Motor,SENSOR DEL NIVEL DE ACEITE DEL MOTOR,Sensor del nivel de aceite del motor,car,56,sensor,
Motor,TUBO DE ASPIRACÓN DE BOMBA DEL ACEITE,Tubo de aspiración de la bomba de aceite,car,57,tube,
Motor,CORREA TRAPEZOIDAL,Correa trapezoidal,car,58,belt,
Motor,POLEA TENSORA CORREA DENTADA,Polea tensora para correa dentada,car,59,tensioner,
Motor,TENSOR DE CORREA,Tensor de correa,car,60,tensioner,
Motor,POLEA DE INVERSIÓN,Polea de inversión,car,61,pulley,
Motor,JUNTA DE TURBOCOMPRESOR,Junta del turbocompresor,car,62,gasket,
Motor,TRANSDUCTOR DE PRESIÓN,Transductor de presión,car,63,transducer,
Motor,MANGUERA TURBO,Manguera del turbo,car,64,hose,
Motor,SENSOR DE PRESIÓN DE ADMISIÓN,Sensor de presión de admisión,car,65,sensor,
Motor,SENSOR DE PRESIÓN DEL AIRE DE ADMISIÓN,Sensor de presión del aire de admisión,car,66,sensor,
Motor,CABLE DEL ACELERADOR,Cable del acelerador,car,67,cable,
Motor,VÁLVULA DE ALIVIO,Válvula de alivio,car,68,valve,
Motor,BOMBA DE AGUA,Bomba de agua del motor,car,69,water-pump,
Motor,TERMOSTATO,Termostato del motor,car,70,thermostat,
Motor,RADIADOR DE MOTOR,Radiador del motor,car,71,radiator,
Motor,JUEGO DE MONTAJE TURBOCOMPRESOR,Juego de montaje del turbocompresor,car,72,turbo-kit,
Motor,VASO DE EXPASIÓN,Vaso de expansión,car,73,expansion-tank,
Motor,SENSOR DE TEMPERATURA DEL REFRIGERANTE,Sensor de temperatura del refrigerante,car,74,sensor,
Motor,ANTICOGELNATE,Anticongelante,car,75,antifreeze,
Motor,VENTILADOR DEL RADIADOR,Ventilador del radiador,car,76,fan,
Motor,TAPA DE DEPOSITO DE AGUA,Tapa del depósito de agua,car,77,cap,
Motor,MANGUITOS DE RADIADOR,Manguitos del radiador,car,78,hose,
Motor,JUNTA DE AGUA REFRIGERANTE,Junta de agua refrigerante,car,79,gasket,
Motor,EMBRAGUE DEL VENTILADOR,Embrague del ventilador,car,80,clutch,
Motor,TERMOCONTACTO VENTILADO,Termocontacto ventilado,car,81,thermo-switch,
Motor,BOBINA DE ENCENDIDO,Bobina de encendido,car,82,ignition-coil,
Motor,BUJÍA DE ENCENDIDO,Bujía de encendido,car,83,spark-plug,
Motor,BUJÍA DE PRECALENTAMIENTO,Bujía de precalentamiento,car,84,glow-plug,
Motor,SENSOR DE ARBOL DE LEVAS,Sensor del árbol de levas,car,85,sensor,
Motor,CABLES DE BUJÍAS,Cables de bujías,car,86,spark-plug-wire,
Motor,SENSOR DE CIGÜEÑAL,Sensor del cigüeñal,car,87,sensor,
Motor,TAPA DE DELCO,Tapa del delco,car,88,cap,
Motor,ROTOR DE DISTRIBUCIÓN,Rotor de distribución,car,89,rotor,
Motor,FILTRO DE ACEITE,Filtro de aceite,car,90,oil-filter,
Motor,FILTRO DE AIRE,Filtro de aire,car,91,air-filter,
Motor,FILTRO DE COMBUSTIBLE,Filtro de combustible,car,92,fuel-filter,
Motor,SISTEMA DE VENTILACIÓN DE CÁRTER,Sistema de ventilación del cárter,car,93,ventilation,
Motor,JUNTA DE COLECTOR DE ADMISIÓN,Junta del colector de admisión,car,94,gasket,
Motor,JUNTA DE COLECTOR DE ESCAPE,Junta del colector de escape,car,95,gasket,
Motor,COLECTORES DE ADMISIÓN,Colectores de admisión,car,96,manifold,
Motor,VÁLVULA DE REGULACIÓN DEL AIRE DE ADMISIÓN,Válvula de regulación del aire de admisión,car,97,valve,
Motor,SISTEMA ELÉCTRICO DEL MOTOR,Sistema eléctrico del motor,car,98,electrical,
Motor,SONDA LAMBDA,Sonda lambda,car,99,lambda-sensor,
Motor,JUNTA INYECTOR,Junta del inyector,car,100,gasket,
Motor,BOMBA DE INYECCIÓN,Bomba de inyección,car,101,injection-pump,
Motor,REGULADOR DE PRESIÓN DE COMBUSTIBLE,Regulador de presión de combustible,car,102,pressure-regulator,
Motor,VÁLVULA EGR,Válvula EGR,car,103,egr-valve,
Motor,REFRIGERADOR DE GAS DE ESCAPE,Refrigerador de gas de escape,car,104,exhaust-cooler,
Motor,POLEA DE CIGÜEÑAL,Polea del cigüeñal,car,105,pulley,
Motor,TORNILLO DE LA POLEA,Tornillo de la polea,car,106,bolt,
Motor,DEPRESOR DE FRENO,Depresor de freno,car,107,brake-booster,
Motor,SELLADOR PARA EL BLOQUE DEL MOTOR,Sellador para el bloque del motor,car,108,sealant,
Motor,SELLADOR DE USO GENERAL,Sellador de uso general,car,109,sealant,
Motor,FIJADORES DE ROSCA,Fijadores de rosca,car,110,thread-locker,
Motor,PRODUCTOS DE LIMPIEZA DEL MOTOR Y SISTEMA,Productos de limpieza del motor y sistema,car,111,cleaner,
Motor,TINTURA DE DETECCIÓN DE FUGAS,Tintura de detección de fugas,car,112,leak-detector,
Motor,PRODUCTO RECTIFICADOR DE VÁLVULAS,Producto rectificador de válvulas,car,113,valve-grinding,
Motor,SPRAYS Y AEROSOLES TÉCNICOS,Sprays y aerosoles técnicos,car,114,spray,
Motor,PINTUA DEL MOTOR Y ALTA TEMPERATURA,Pintura del motor y alta temperatura,car,115,high-temp-paint,
Motor,ADITIVOS DE ACEITE DE MOTOR,Aditivos de aceite de motor,car,116,oil-additive,
Motor,ADITIVOS DE TURBOCOMPRESOR,Aditivos de turbocompresor,car,117,turbo-additive,
Motor,KIT DE JUNTAS TÓRICAS DE LA CAMISA DEL CILINDRO,Kit de juntas tóricas de la camisa del cilindro,car,118,oring-kit,
Motor,RETÉN DE LA BOMBA DE ACEITE,Retén de la bomba de aceite,car,119,seal,
Motor,RETÉN DEL ÁRBOL INTERMEDIO,Retén del árbol intermedio,car,120,seal,
Motor,TORNILLOS PARA BIELA Y TURCA PARA BIELA,Tornillos para biela y tuerca para biela,car,121,bolt,
Motor,CAMISA DE CILINDRO,Camisa de cilindro,car,122,cylinder-liner,
Motor,CASQUILLO DE PIE DE BIELA,Casquillo de pie de biela,car,123,bearing,
Motor,BIELA,Biela,car,124,connecting-rod,
Motor,CIGÜEÑAL,Cigüeñal,car,125,crankshaft,
Motor,HERRAMIENTAS PARA MOTOR,Herramientas para motor,car,126,tools,
Motor,ÁRBOL INTERMEDIO DE COMPENSAIÓN Y ÁRBOL DE,Árbol intermedio de compensación y árbol de,car,127,intermediate-shaft,
Motor,TORNILLO DEL COJINETE DEL CIGÜEÑAL,Tornillo del cojinete del cigüeñal,car,128,bolt,
Motor,JUEGO DE JUNTAS CULATA,Juego de juntas de culata,car,129,head-gasket-set,
Sistema de Combustible,BOMBA DE COMBUSTIBLE,Bomba de combustible,car,130,fuel-pump,
Sistema de Combustible,INYECTORES,Inyectores de combustible,car,131,injector,
Sistema de Combustible,BOMBA DE INYECCIÓN,Bomba de inyección de combustible,car,132,injection-pump,
Sistema de Combustible,CAUDALÍMETRO,Caudalímetro de combustible,car,133,flow-meter,
Sistema de Combustible,CUERPO DE MARAPISO,Cuerpo de mariposa,car,134,throttle-body,
Sistema de Combustible,JUNTA DE INYECTOR,Junta del inyector,car,135,gasket,
Sistema de Combustible,TUBO DE RETORNO DE COMBUSTIBLE,Tubo de retorno de combustible,car,136,return-tube,
Sistema de Combustible,RELÉ DE BOMBA DE COMBUSTIBLE,Relé de bomba de combustible,car,137,relay,
Sistema de Combustible,JUNTA DE LA BOMBA DE COMBUSTIBLE,Junta de la bomba de combustible,car,138,gasket,
Sistema de Combustible,SONDA LAMBDA,Sonda lambda,car,139,lambda-sensor,
Sistema de Combustible,SENSOR TPS,Sensor TPS,car,140,sensor,
Sistema de Combustible,ARANDELA DEL INYECTOR,Arandela del inyector,car,141,washer,
Sistema de Combustible,REGULADOR DE PRESIÓN DE COMBUSTIBLE,Regulador de presión de combustible,car,142,pressure-regulator,
Sistema de Combustible,KIT DE REPARACIÓN DEL INYECTOR,Kit de reparación del inyector,car,143,injector-repair-kit,
Sistema de Combustible,RAMPA DE INYECTOR,Rampa de inyector,car,144,injector-rail,
Sistema de Combustible,RAMPA DE INYECCIÓN,Rampa de inyección,car,145,injection-rail,
Sistema de Combustible,ACUMULADOR DE PRESIÓN DE COMBUSTIBLE,Acumulador de presión de combustible,car,146,pressure-accumulator,
Sistema de Combustible,FILTRO DE COMBUSTIBLE,Filtro de combustible,car,147,fuel-filter,
Sistema de Combustible,VÁLVULA DEL FILTRO DE ACEITE Y JUNTA,Válvula del filtro de aceite y junta,car,148,valve,
Sistema de Combustible,DEPOSITO DE COMBUSTIBLE,Depósito de combustible,car,149,fuel-tank,
Sistema de Combustible,TAPA DE DEPÓSITO DE COMBUSTIBLE,Tapa del depósito de combustible,car,150,cap,
Sistema de Combustible,VÁLVULA DE VENTILACIÓN DEL DEPÓSITO DEL COMBUSTIBLE,Válvula de ventilación del depósito de combustible,car,151,vent-valve,
Sistema de Combustible,SENSOR DE LA PRESIÓN DEL COMBUSTIBLE,Sensor de la presión del combustible,car,152,sensor,
Sistema de Combustible,SENSOR DE NIVEL DE COMBUSTIBLE,Sensor de nivel de combustible,car,153,sensor,
Sistema de Combustible,SENSOR DEL PEDAL DE ACELERADOR,Sensor del pedal de acelerador,car,154,sensor,
Sistema de Combustible,SENSOR DE TEMPERATURA DEL COMBUSTIBLE,Sensor de temperatura del combustible,car,155,sensor,
Sistema de Combustible,JUNTA DEL AFORADOR DE COMBUSTIBLE,Junta del aforador de combustible,car,156,gasket,
Sistema de Combustible,UNIDAD DEL CONTROL MANDO DE MOTOR,Unidad de control y mando del motor,car,157,ecu,
Sistema de Combustible,PIEZAS DEL CARBURADOR,Piezas del carburador,car,158,carburetor-parts,
Sistema de Combustible,KIT DE REPARACIÓN DEL CARBURADOR,Kit de reparación del carburador,car,159,carburetor-repair-kit,
Sistema de Combustible,BRIDA DE CARBURADOR,Brida de carburador,car,160,carburetor-flange,
Sistema de Combustible,LÍQUIDO DE ESCAPE DIPESEL / ADBLUE,Líquido de escape diésel / AdBlue,car,161,adblue,
Sistema de Combustible,ADITIVOS DE COMBUSTIBLE,Aditivos de combustible,car,162,fuel-additive,
Sistema de Combustible,JUEGO DE REPARACIÓN DE BOMBA DE COMBUSTIBLE,Juego de reparación de bomba de combustible,car,163,fuel-pump-repair-kit,
Sistema de Combustible,VÁLVULA DE CORTE DE INYECCIÓN,Válvula de corte de inyección,car,164,cutoff-valve,
Sistema de Combustible,TERMOSTATO ENRIQUECIMIENTO ARRANQUE EN FRIO,Termostato de enriquecimiento para arranque en frío,car,165,thermostat,
Sistema de Combustible,SENSOR DE AGUA SISTEMA DE COMBUSTIBLE,Sensor de agua del sistema de combustible,car,166,sensor,
Sistema de Combustible,JUNTA DE LA TUBERÍA DE COMBUSTIBLE,Junta de la tubería de combustible,car,167,gasket,
Sistema de Combustible,BISAGRA DE DEPÓSITO,Bisagra del depósito,car,168,hinge,
Sistema de Combustible,JUNTA TÓRICA DE LA BOMBA DE INYECCIÓN,Junta tórica de la bomba de inyección,car,169,oring,
Sistema de Combustible,ELEMENTO DE AJUSTE DE LA MARIPOSA,Elemento de ajuste de la mariposa,car,170,throttle-adjustment,
Sistema de Combustible,REGULADOR RELENTÍ,Regulador de ralentí,car,171,idle-regulator,
Sistema de Combustible,SISTEMA DE INYECCIÓN,Sistema de inyección,car,172,injection-system,
Sistema de Combustible,SENSOR DE PRESIÓN DEPÓSITO DE COMBUSTIBLE,Sensor de presión del depósito de combustible,car,173,sensor,
Sistema de Combustible,HERRAMIENTAS PARA EL SISTEMA DE COMBUSTIBLE,Herramientas para el sistema de combustible,car,174,tools,
Correas cadenas,Bomba de agua + Kit de distribución,Kit completo de bomba de agua y distribución,car,175,water-pump,
Correas cadenas,KIT DE DISTRIBUCIÓN,Kit completo de distribución,car,176,timing-belt,
Correas cadenas,BOMBA DE AGUA,Bomba de agua,car,177,water-pump,
Correas cadenas,CORREA DE DISTRIBUCIÓN,Correa de distribución,car,178,timing-belt,
Correas cadenas,CORREA POLY V,Correa poly V,car,179,poly-v-belt,
Correas cadenas,KIT DE CORREA POLY V,Kit completo de correa poly V,car,180,poly-v-kit,
Correas cadenas,POLEA TENSORA CORREA DENTADA,Polea tensora para correa dentada,car,181,tensioner,
Correas cadenas,TENSOR DE LA CORREA DE DISTRIBUCIÓN,Tensor de la correa de distribución,car,182,tensioner,
Correas cadenas,POLEA INVERSIÓN / GUÍA CORREA DE DISTRIBUCÍON,Polea de inversión y guía para correa de distribución,car,183,pulley,
Correas cadenas,AMORTIGUADOR HIDRÁULICO,Amortiguador hidráulico,car,184,hydraulic-damper,
Correas cadenas,TAPA DE CORREA DE DISTRIBUCIÓN,Tapa de correa de distribución,car,185,cover,
Correas cadenas,POLEA TENSORA CORREA DENTADA,Polea tensora para correa dentada,car,186,tensioner,
Correas cadenas,TENSOR DE CORREA,Tensor de correa,car,187,tensioner,
Correas cadenas,POLEA DE INVERSIÓN,Polea de inversión,car,188,pulley,
Correas cadenas,CORREA TRAPEZOIDAL,Correa trapezoidal,car,189,belt,
Correas cadenas,AMORTIGUADOR DE LA CORREA TRAPECIAL POLI V,Amortiguador de la correa trapecial poli V,car,190,damper,
Correas cadenas,RODILLO GUÍA / DESVIACIÓN CORREA TRAPECIAL,Rodillo guía y desviación para correa trapecial,car,191,roller,
Correas cadenas,KIT DE MONTAJE DE LA CADENA DE DISTRIBUCIÓN,Kit de montaje de la cadena de distribución,car,192,timing-chain-kit,
Correas cadenas,TENSOR DE CADENA DE DISTRIBUCIÓN,Tensor de cadena de distribución,car,193,tensioner,
Correas cadenas,CADENA DE ACCIONAMIENTO,Cadena de accionamiento,car,194,drive-chain,
Correas cadenas,CARRIL DE DESLIZAMIENTO,Carril de deslizamiento,car,195,rail,
Correas cadenas,POLEA DE CIGÜEÑAL,Polea del cigüeñal,car,196,pulley,
Correas cadenas,POLEA LIBRE DEL ALTERNADOR,Polea libre del alternador,car,197,pulley,
Correas cadenas,TORNILLO DE POLEA,Tornillo de polea,car,198,bolt,
Correas cadenas,POLEA SERVOBOMBA,Polea de servobomba,car,199,pulley,
Correas cadenas,MANGUITO FLEXIBLE ACOPLAMIENTO,Manguito flexible de acoplamiento,car,200,flexible-coupling,
Correas cadenas,JUNA DE TENSOR DE LA CADENA DE DISTRIBUCIÓN,Junta del tensor de la cadena de distribución,car,201,gasket,
Correas cadenas,POLEA TENSORA CORREA TRAPEZOIDAL,Polea tensora para correa trapezoidal,car,202,tensioner,
Correas cadenas,HERRAMIENTAS PARA CORREAS / CADENAS,Herramientas para correas y cadenas,car,203,tools,
Neumaticos y productos relacionados,NEUMÁTICOS,Neumáticos para vehículos,car,204,tires,
Neumaticos y productos relacionados,TAPACUBOS,Tapacubos para ruedas,car,205,hubcap,
Neumaticos y productos relacionados,JUEGO DE FUNDAS PARA NEUMÁTICOS,Juego de fundas para neumáticos,car,206,tire-covers,
Neumaticos y productos relacionados,CUÑAS PARA RUEDAS,Cuñas para ruedas,car,207,wheel-chock,
Neumaticos y productos relacionados,LLAVES DE CRUCETA,Llaves de cruceta,car,208,wheel-wrench,
Neumaticos y productos relacionados,CADENAS PARA NIEVE,Cadenas para nieve,car,209,snow-chains,
Neumaticos y productos relacionados,GATO PARA COCHES,Gato para coches,car,210,jack,
Neumaticos y productos relacionados,COMPRESOR DE AIRE,Compresor de aire,car,211,air-compressor,
Neumaticos y productos relacionados,KIT DE REPARACIÓN DE NEUMÁTICO,Kit de reparación de neumático,car,212,tire-repair-kit,
Neumaticos y productos relacionados,TORNILLOS DE RUEDA,Tornillos de rueda,car,213,wheel-bolt,
Neumaticos y productos relacionados,ENSANCHAMIENTO ANCHO VÍA,Ensanchamiento de ancho de vía,car,214,wheel-spacer,
Neumaticos y productos relacionados,PRODUCTOS DE LIMPIEZA Y CUIDADO INTERIOR DE AUT,Productos de limpieza y cuidado interior de automóviles,car,215,interior-cleaner,
Neumaticos y productos relacionados,PASTA DE MONTAJE PARA TUBOS DE ESCAPE,Pasta de montaje para tubos de escape,car,216,exhaust-paste,
Neumaticos y productos relacionados,ADHEVISO DE CAUCHO,Adhesivo de caucho,car,217,rubber-adhesive,
Neumaticos y productos relacionados,CONTROL DE PRESIÓN DE NEUMÁTICOS,Control de presión de neumáticos,car,218,tire-pressure-monitor,
Neumaticos y productos relacionados,TUERCAS DE RUEDA,Tuercas de rueda,car,219,wheel-nut,
Frenos,DISCOS DE FRENOS,Discos de frenos,car,220,brake-disc,
Frenos,PASTILLAS DE FRENO,Pastillas de freno,car,221,brake-pad,
Frenos,KIT DE REPARACIÓN PINZA DE FRENOS,Kit de reparación de pinza de frenos,car,222,brake-caliper-repair-kit,
Frenos,ÉMBOLO PINZA DE FRENO,Émbolo de pinza de freno,car,223,brake-piston,
Frenos,PASADOR DE PASTILLAS DE FRENO,Pasador de pastillas de freno,car,224,brake-pin,
Frenos,SOPORTE PINZA DWE FRENO,Soporte de pinza de freno,car,225,brake-bracket,
Frenos,INTERRUPTOR DE LUZ DE FRENO,Interruptor de luz de freno,car,226,brake-light-switch,
Frenos,JUEGO DE FRENOS,Juego de frenos,car,227,brake-kit,
Frenos,PROTECTOR DE DISCO DE FRENO,Protector de disco de freno,car,228,brake-disc-protector,
Frenos,ZAPATAS DE FRENO,Zapatas de freno,car,229,brake-shoe,
Frenos,TAMBOR DE FRENO,Tambor de freno,car,230,brake-drum,
Frenos,JUEGO DE ACCESORIOS ZAPATAS DE FRENO,Juego de accesorios para zapatas de freno,car,231,brake-shoe-kit,
Frenos,KIT DE FRENO DE TAMBOR,Kit de freno de tambor,car,232,brake-drum-kit,
Frenos,LATIGUILLOS DE FRENO,Látiguillos de freno,car,233,brake-hose,
Frenos,LIQUIDO DE FRENO,Líquido de freno,car,234,brake-fluid,
Frenos,TUBERIAS DE FRENO,Tuberías de freno,car,235,brake-pipe,
Frenos,ACUMULADOR DE PRESIÓN DEL SISTEMA DE FRENOS,Acumulador de presión del sistema de frenos,car,236,brake-pressure-accumulator,
Frenos,CABLE DE FRENO DE MANO,Cable de freno de mano,car,237,handbrake-cable,
Frenos,ZAPATAS DE FRENO DE MANO,Zapatas de freno de mano,car,238,handbrake-shoe,
Frenos,MANDO DEL FRENO MANO ELÉCTRO,Mando del freno de mano eléctrico,car,239,handbrake-lever,
Frenos,SENSOR ABS,Sensor ABS,car,240,abs-sensor,
Frenos,ANILLO DE SENSOR DE ABS,Anillo de sensor de ABS,car,241,abs-ring,
Frenos,MODULO ABS,Módulo ABS,car,242,abs-module,
Frenos,CILINDRO PRINCIPAL DE FRENO,Cilindro principal de freno,car,243,brake-master-cylinder,
Frenos,KIT DE REPARACIÓN DE FRENO,Kit de reparación de freno,car,244,brake-repair-kit,
Frenos,KIT DE REPARACIÓN DE LA BOMBA DE FRENO,Kit de reparación de la bomba de freno,car,245,brake-pump-repair-kit,
Frenos,DEPOSITO LIQUIDO DE FRENOS,Depósito de líquido de frenos,car,246,brake-fluid-reservoir,
Frenos,CILINDRO DE FRENO RUEDA,Cilindro de freno de rueda,car,247,brake-wheel-cylinder,
Frenos,KIT DE REPARACIÓN DEL BOMBIN DE FRENO,Kit de reparación del bombín de freno,car,248,brake-cylinder-repair-kit,
Frenos,SERVOFRENO,Servofreno,car,249,brake-booster,
Frenos,DEPRESOR DE FENO,Depresor de freno,car,250,brake-depressor,
Frenos,REPARTIDO DE FRENO,Repartidor de freno,car,251,brake-proportioning-valve,
Frenos,PRODUCTOS DE LIMPIEZA DEL FRENO Y EMBRAGUE,Productos de limpieza del freno y embrague,car,252,brake-cleaner,
Frenos,PINTURA PINZA DE FENO,Pintura de pinza de freno,car,253,brake-caliper-paint,
Frenos,SPRAYS Y AEROSOLES TÉCNICOS,Sprays y aerosoles técnicos,car,254,spray,
Frenos,PASTA DE MONTAJE PARA TUBOS DE ESCAPE,Pasta de montaje para tubos de escape,car,255,exhaust-paste,
Frenos,LUBRICANTES,Lubricantes para frenos,car,256,lubricant,
Frenos,KIT DE EPARACIÓN EJE DE FRENO DE ESTACIONAMIENTO,Kit de reparación del eje de freno de estacionamiento,car,257,parking-brake-repair-kit,
Frenos,SENSOR DE ACELERACIÓN LONGITUDINAL / TRANSVERSAL,Sensor de aceleración longitudinal y transversal,car,258,acceleration-sensor,
Frenos,RELÉ SAB,Relé SAB,car,259,relay,
Frenos,SENSOR DE RECORRIDO DEL PEDAL,Sensor de recorrido del pedal,car,260,pedal-sensor,
Frenos,UNIDAD DE CONTROL DEL ABS / ASR,Unidad de control del ABS / ASR,car,261,abs-control-unit,
Frenos,FORRO DE FRENOS ALTO RENDIMIENTO,Forro de frenos de alto rendimiento,car,262,high-performance-brake-lining,
Frenos,FRENO DE DISCO ALTO RENDIMIENTO,Freno de disco de alto rendimiento,car,263,high-performance-brake-disc,
Frenos,HERRAMIENTAS DE FRENO,Herramientas de freno,car,264,brake-tools,
Frenos,FRENO DE MANO,Freno de mano,car,265,handbrake,
Frenos,FRENO DE TAMBOR,Freno de tambor,car,266,brake-drum,
Filtros,FILTRO DE ACEITE,Filtro de aceite,car,267,oil-filter,
Filtros,FILTRO DE AIRE,Filtro de aire,car,268,air-filter,
Filtros,FILTRO DE HABITÁCULO,Filtro de habitáculo,car,269,cabin-filter,
Filtros,FILTRO DE COMBUSTIBLE,Filtro de combustible,car,270,fuel-filter,
Filtros,FILTRO DE BOMBA DE COMBUSTIBLE,Filtro de bomba de combustible,car,271,fuel-pump-filter,
Filtros,JUEGO DE FILTRO,Juego de filtros,car,272,filter-kit,
Filtros,FILTRO CAJA DE CAMBIOS AUTOMATICA,Filtro de caja de cambios automática,car,273,transmission-filter,
Filtros,KIT PIEZAS CAMBIO ACEITE CAJA AUTOMÁTICA,Kit de piezas para cambio de aceite de caja automática,car,274,transmission-oil-change-kit,
Filtros,FILTRO DESHIDRATADOR,Filtro deshidratador,car,275,dehydrator-filter,
Filtros,FILTRO HIDRÁULICO DE DIRECCIÓN,Filtro hidráulico de dirección,car,276,power-steering-filter,
Filtros,FILTRO DE AIRE DEPORTIVO,Filtro de aire deportivo,car,277,sport-air-filter,
Filtros,JUNTA DEL SOPORTE DEL FILTRO DE ACEITTE DEL MOTOR,Junta del soporte del filtro de aceite del motor,car,278,gasket,
Filtros,MANGUITO DE ADMISIÓN DEL MOTOR,Manguito de admisión del motor,car,279,intake-hose,
Filtros,VÁLVULA DEL FILTRO DE COMBUSTIBLE,Válvula del filtro de combustible,car,280,valve,
Filtros,CÁRTER DEL FILTRO DE COMBUSTIBLE,Cárter del filtro de combustible,car,281,filter-housing,
Filtros,SOPORTE DE LA CAJA DEL FILTRO DE AIRE,Soporte de la caja del filtro de aire,car,282,air-filter-bracket,
Filtros,FILTRO DE AIRE SECUNDARIO,Filtro de aire secundario,car,283,secondary-air-filter,
Filtros,LLAVES PARA FILTROS,Llaves para filtros,car,284,filter-wrench,
Aceite y líquidos,ACEITE DE MOTOR,Aceite de motor,car,285,oil,
Aceite y líquidos,ANTICONGELANTE,Anticongelante,car,286,antifreeze,
Aceite y líquidos,LIQUIDO DE FRENOS,Líquido de frenos,car,287,brake-fluid,
Aceite y líquidos,ACEITE DE TRANSMISIÓN AUTOMÁTICA,Aceite de transmisión automática,car,288,transmission-oil,
Aceite y líquidos,DETERGENTE PARA LUNAS Y CRISTALES,Detergente para lunas y cristales,car,289,glass-cleaner,
Aceite y líquidos,ACEITE DE LA DIRECCIÓN ASISTIDA,Aceite de la dirección asistida,car,290,power-steering-oil,
Aceite y líquidos,ACEITE HIDRÁULICO,Aceite hidráulico,car,291,hydraulic-oil,
Aceite y líquidos,LÍQUIDO DE ESCAPE DIPESEL / ADBLUE,Líquido de escape diésel / AdBlue,car,292,adblue,
Aceite y líquidos,AGUA DESTILADA,Agua destilada,car,293,distilled-water,
Aceite y líquidos,ADITIVOS DE ACEITE DE MOTOR,Aditivos de aceite de motor,car,294,oil-additive,
Aceite y líquidos,ADITIVOS Y TRATAMIENTOS PARA LA TRANSMISIÓN,Aditivos y tratamientos para la transmisión,car,295,transmission-additive,
Aceite y líquidos,ADITIVOS PARA FLUIDO HIDRÁULICO,Aditivos para fluido hidráulico,car,296,hydraulic-additive,
Aceite y líquidos,ADITIVOS DE COMBUSTIBLE,Aditivos de combustible,car,297,fuel-additive,
Aceite y líquidos,ADITIVOS DE TURBOCOMPRESOR,Aditivos de turbocompresor,car,298,turbo-additive,
Carroceria,FARO PRINCIPAL,Faro principal,car,299,headlight,
Carroceria,PILOTO TRASERO,Piloto trasero,car,300,taillight,
Carroceria,ESPEJO RETROVISOR,Espejo retrovisor,car,301,rearview-mirror,
Carroceria,CRISTAL ESPEJO RETROVISOR,Cristal del espejo retrovisor,car,302,mirror-glass,
Carroceria,PARACHOQUES,Parachoques,car,303,bumper,
Carroceria,GUARDABARROS,Guardabarros,car,304,fender,
Carroceria,CAPÓ,Capó,car,305,hood,
Carroceria,AMORTIGUADOR DE MALETERO,Amortiguador de maletero,car,306,trunk-damper,
Carroceria,AMORTIGUADOR DWE CAPÓ,Amortiguador del capó,car,307,hood-damper,
Carroceria,PILOTO INTERMITENTE,Piloto intermitente,car,308,turn-signal,
Carroceria,FAROS ANTINIEBLAS,Faros antiniebla,car,309,fog-light,
Carroceria,LUZ DE MATRÍCULA,Luz de matrícula,car,310,license-plate-light,
Carroceria,PIEZAS DEL FARO,Piezas del faro,car,311,headlight-parts,
Carroceria,LUZ DE FRENO ADICIONAL,Luz de freno adicional,car,312,additional-brake-light,
Carroceria,CRISTAL DEL FARO ANTINIEBLA DELANTERO,Cristal del faro antiniebla delantero,car,313,fog-light-glass,
Carroceria,LUZ ANTINIEBLA TRASERA,Luz antiniebla trasera,car,314,rear-fog-light,
Carroceria,REFLECTOR,Reflector,car,315,reflector,
Carroceria,LUZ DE APARCAMIENTO,Luz de aparcamiento,car,316,parking-light,
Carroceria,PIEZAS DE LUCES TRASERAS,Piezas de luces traseras,car,317,taillight-parts,
Carroceria,PIEZAS DE FAROS DE LUZ ANTINIEBLA,Piezas de faros de luz antiniebla,car,318,fog-light-parts,
Carroceria,LUZ DIURNA,Luz diurna,car,319,daytime-running-light,
Carroceria,LUZ DE MARCHA ATRÁS,Luz de marcha atrás,car,320,reverse-light,
Carroceria,LUCES DE FRENO,Luces de freno,car,321,brake-light,
Carroceria,CUBIERTA RETROVISOR EXTERIOR,Cubierta de retrovisor exterior,car,322,mirror-cover,
Carroceria,REJILLA PARACHOQUES,Rejilla de parachoques,car,323,bumper-grille,
Carroceria,REJILLA,Rejilla,car,324,grille,
Carroceria,MOLDURAS DE PARACHOQUE,Molduras de parachoques,car,325,bumper-molding,
Carroceria,SOPORTE DE PARACHOQUE,Soporte de parachoques,car,326,bumper-bracket,
Carroceria,REFUERZO PARAGOLPES,Refuerzo de paragolpes,car,327,bumper-reinforcement,
Carroceria,SENSORES DE APARCAMIENTO,Sensores de aparcamiento,car,328,parking-sensor,
Carroceria,FALDON DELANTERO,Faldón delantero,car,329,front-spoiler,
Carroceria,TAPA DEL ENGANCHE DE REMOLCADO,Tapa del enganche de remolcado,car,330,tow-hitch-cover,
Carroceria,PASO DE RUEDA,Paso de rueda,car,331,wheel-arch,
Carroceria,ALETINES,Aletines,car,332,side-skirt,
Carroceria,LÁMPARA PARA FAROS DE CARRETERA,Lámpara para faros de carretera,car,333,high-beam-bulb,
Carroceria,BOMBILLA PARA LUCES INTERMITENTES,Bombilla para luces intermitentes,car,334,turn-signal-bulb,
Carroceria,LÁMPARA DE LUZ DE MATRÍCULA,Lámpara de luz de matrícula,car,335,license-plate-bulb,
Carroceria,LÁMPARA DE FARO TRASERO,Lámpara de faro trasero,car,336,taillight-bulb,
Carroceria,LÁMPARA DE FARO,Lámpara de faro,car,337,headlight-bulb,
Carroceria,FAROS DE XENÓN,Faros de xenón,car,338,xenon-headlight,
Carroceria,LÁMPARA PARA FAROS DE LUZ ANTINIEBLA,Lámpara para faros de luz antiniebla,car,339,fog-light-bulb,
Carroceria,PUERTAS PIEZA,Puertas pieza,car,340,door,
Carroceria,POMO DE PUERTA,Pomo de puerta,car,341,door-handle,
Carroceria,CAERRADURA DE PUERTA,Cerradura de puerta,car,342,door-lock,
Carroceria,MOLDURAS,Molduras,car,343,molding,
Carroceria,PORTÓN TRASERO,Portón trasero,car,344,rear-hatch,
Carroceria,BOMBÍN DE CERRADURA,Bombín de cerradura,car,345,lock-cylinder,
Carroceria,JUNTA DE PARABRISAS,Junta de parabrisas,car,346,windshield-gasket,
Carroceria,CIERRE CENTRALIZADO,Cierre centralizado,car,347,central-locking,
Carroceria,JUNTA DEL MARCO DE LA PUERTA,Junta del marco de la puerta,car,348,door-frame-gasket,
Carroceria,SOPORTE DE RADIADOR,Soporte de radiador,car,349,radiator-support,
Carroceria,UMBRAL,Umbral,car,350,door-sill,
Carroceria,CHAPA LATERAL,Chapa lateral,car,351,side-panel,
Carroceria,CUBIERTA MOTOR,Cubierta del motor,car,352,engine-cover,
Carroceria,ALIJAMIENTO DEL GATO HIDRÁULICO,Alojamiento del gato hidráulico,car,353,jack-compartment,
Carroceria,PUENTE,Puente,car,354,beam,
Carroceria,PROTECTOR ANTIPOEMTRAMINENTO DEL MOTOR,Protector antipolvo del motor,car,355,engine-dust-protector,
Carroceria,LARGUERO,Larguero,car,356,side-member,
Carroceria,AMORTIGUACIÓN DEL COMPORTAMIENTO DE MOTOR,Amortiguación del comportamiento del motor,car,357,engine-mount,
Carroceria,DEPÓSITO DE COMBUSTIBLE,Depósito de combustible,car,358,fuel-tank,
Carroceria,VÁLVULA DE VENTILACIÓN DEL DEPÓSITO DEL COMBUSTIBLE,Válvula de ventilación del depósito de combustible,car,359,vent-valve,
Carroceria,INTERRUPTOR DE ENCENDIDO,Interruptor de encendido,car,360,ignition-switch,
Carroceria,LUNAS DE VENTANAS,Lunas de ventanas,car,361,window-glass,
Carroceria,PRODUCTOS DE LAVADO Y CUIDADO EXTERIOR DE AUTOS,Productos de lavado y cuidado exterior de automóviles,car,362,exterior-cleaner,
Carroceria,ESPONJAS TOALLITAS Y CEPILLOS,Esponjas toallitas y cepillos,car,363,sponges-towels-brushes,
Carroceria,PINTURAS AUTOMOTICES,Pinturas automotrices,car,364,automotive-paint,
Carroceria,PINTURAS PARA EL PARACHOQUES,Pinturas para el parachoques,car,365,bumper-paint,
Carroceria,PINTURA EN SPRAY DE COLOR RAL,Pintura en spray de color RAL,car,366,ral-spray-paint,
Carroceria,LACAS,Lacas,car,367,lacquer,
Carroceria,PRODUCTOS DESENGRASANTES POTENTES,Productos desengrasantes potentes,car,368,degreaser,
Carroceria,PINTURA PARA IMPRIMACIÓN DEL AUTOMÓVIL,Pintura para imprimación del automóvil,car,369,primer-paint,
Carroceria,ENDURECEDROES DE PINTURA,Endurecedores de pintura,car,370,paint-hardener,
Carroceria,DILUYENTES,Diluyentes,car,371,thinner,
Carroceria,CONVERTIDORES DE ÓXIDO,Convertidores de óxido,car,372,rust-converter,
Carroceria,RECUBRMIENTO ANTICORROSIVO,Recubrimiento anticorrosivo,car,373,anti-corrosion-coating,
Carroceria,PROTECTOR ANTIGRAVILLA,Protector antigravilla,car,374,stone-chip-protector,
Carroceria,CERA PARA CAVIDADES,Cera para cavidades,car,375,cavity-wax,
Carroceria,SELLADOR DE PARABRISAS Y VÍDRIO,Sellador de parabrisas y vidrio,car,376,windshield-sealant,
Carroceria,ADHEESIVO PARA VIDIRIO DE AUTOS Y PARABRISAS,Adhesivo para vidrio de automóviles y parabrisas,car,377,glass-adhesive,
Carroceria,PEGAMENTOS PARA PLÁSTICOS,Pegamentos para plásticos,car,378,plastic-adhesive,
Carroceria,MUELLE NEUMÁTICO CAPOTA,Muelle neumático de capota,car,379,hood-spring,
Carroceria,JUNTA DEL TECHO CORREDIZO,Junta del techo corredizo,car,380,sunroof-gasket,
Carroceria,JUNTA LUZ TRASERA,Junta de luz trasera,car,381,rear-light-gasket,
Carroceria,REVESTIMIENTO POSTERIOR,Revestimiento posterior,car,382,rear-trim,
Carroceria,BASTIDOR DE TECHO,Bastidor de techo,car,383,roof-frame,
Carroceria,LOTIPO,Lotipo,car,384,logo,
Carroceria,PLACA DE MATRÍCULA Y SOPORTE,Placa de matrícula y soporte,car,385,license-plate-bracket,
Carroceria,SOPORTE DEL SENSOR DE AYUDA AL APARCAMIENTO,Soporte del sensor de ayuda al aparcamiento,car,386,parking-assist-bracket,
Carroceria,PANEL DEL PISO Y PANEL DEL BAJOS,Panel del piso y panel de bajos,car,387,floor-panel,
Carroceria,SUJECIÓN DEL RADIADOR,Sujeción del radiador,car,388,radiator-mount,
Carroceria,INTERMITENTE LATERAL,Intermitente lateral,car,389,side-indicator,
Carroceria,PARABRISAS,Parabrisas,car,390,windshield,
Carroceria,LUNA TRASERA,Luna trasera,car,391,rear-window,
Carroceria,CRISTAL FARO,Cristal de faro,car,392,headlight-glass,
Carroceria,CAERADURA PORTÓN TRASERO,Cerradura del portón trasero,car,393,hatch-lock,
Carroceria,SOPORTE DE3 BATERÍA,Soporte de batería,car,394,battery-holder,
Carroceria,ALETINES,Aletines,car,395,side-skirt,
Suspensión y brazos,COJNETE DE RUEDA,Cojinete de rueda,car,396,wheel-bearing,
Suspensión y brazos,BRAZO DE SUSPENSIÓN,Brazo de suspensión,car,397,suspension-arm,
Suspensión y brazos,SILENTBLOCK BARRA ESTABILIZADORA,Silentblock de barra estabilizadora,car,398,stabilizer-bushing,
Suspensión y brazos,JUEGO DE REPARACIÓN BRAZO DE SUSPENSIÓN,Juego de reparación de brazo de suspensión,car,399,suspension-arm-repair-kit,
Suspensión y brazos,CONTROL DE PRESIÓN DE NEUMÁTICOS,Control de presión de neumáticos,car,400,tire-pressure-monitor,
Suspensión y brazos,BUJE DE RUEDA,Buje de rueda,car,401,wheel-bushing,
Suspensión y brazos,RETÉN DEL BUJE DE RUEDA,Retén del buje de rueda,car,402,bushing-seal,
Suspensión y brazos,TUERCA DEL MUÑON DEL EJE,Tuerca del muñón del eje,car,403,kingpin-nut,
Suspensión y brazos,SILENTBLOCK BRAZO SUSPENSIÓN,Silentblock de brazo de suspensión,car,404,suspension-arm-bushing,
Suspensión y brazos,KIT DE MONTAJE DE LA BARRA OSCILANTE,Kit de montaje de la barra oscilante,car,405,swing-arm-mount-kit,
Suspensión y brazos,KIT DE REPARACIÓN DE LA SUSPENSIÓN,Kit de reparación de la suspensión,car,406,suspension-repair-kit,
Suspensión y brazos,TORNILLO DE AJUSTE DE LA INCLINACIÓN,Tornillo de ajuste de la inclinación,car,407,camber-adjustment-bolt,
Suspensión y brazos,BARRA ESTABILIZADORA,Barra estabilizadora,car,408,stabilizer-bar,
Suspensión y brazos,KIT DE REPARACIÓN DE LA BARRA DE ACOPLAMIENTO,Kit de reparación de la barra de acoplamiento,car,409,link-repair-kit,
Suspensión y brazos,SOPORTE DE LA BARRA ESTABLIZADORA,Soporte de la barra estabilizadora,car,410,stabilizer-bracket,
Suspensión y brazos,RÓTULA AXIAL DE DIRECCIÓN,Rótula axial de dirección,car,411,steering-ball-joint,
Suspensión y brazos,FUELLE DE DIRECCIÓN,Fuelle de dirección,car,412,steering-boot,
Suspensión y brazos,ROÓTULA DE SUSPENSIÓN,Rótula de suspensión,car,413,suspension-ball-joint,
Suspensión y brazos,KIT DE REPARACIÓN DE LA RÓTULA DE LA SUSPENSIÓN,Kit de reparación de la rótula de la suspensión,car,414,suspension-ball-joint-repair-kit,
Suspensión y brazos,COPELAS DEL AMORTIGUADOR,Copelas del amortiguador,car,415,shock-absorber-bushing,
Suspensión y brazos,GUARDAPOLVOS AMORTIGUADOR Y DE SUSPENSIÓN,Guardapolvos de amortiguador y de suspensión,car,416,shock-absorber-boot,
Suspensión y brazos,BALLESTAS,Ballestas,car,417,leaf-spring,
Suspensión y brazos,TORNILLOS DE RUEDA,Tornillos de rueda,car,418,wheel-bolt,
Suspensión y brazos,ENSANCHAMIENTO ANCHO VÍA,Ensanchamiento de ancho de vía,car,419,wheel-spacer,
Suspensión y brazos,TACO DE MOTOR,Taco de motor,car,420,engine-mount,
Suspensión y brazos,SOPORTE DE LA CAJA DE CAMBIOS,Soporte de la caja de cambios,car,421,transmission-mount,
Suspensión y brazos,BUJE EJE,Buje de eje,car,422,axle-bushing,
Suspensión y brazos,PUENTE,Puente,car,423,beam,
Suspensión y brazos,SENSOR DE ABS,Sensor de ABS,car,424,abs-sensor,
Suspensión y brazos,ANILLO DE SENSOR DE ABS,Anillo de sensor de ABS,car,425,abs-ring,
Suspensión y brazos,MANGUETA,Mangueta,car,426,steering-knuckle,
Suspensión y brazos,CAJA COJINETE RUEDA,Caja cojinete de rueda,car,427,wheel-bearing-housing,
Suspensión y brazos,PIVOTE DE DIRECCIPÓN,Pivote de dirección,car,428,steering-pivot,
Suspensión y brazos,PASTA DE MONTAJE PARA TUBOS DE ESCAPE,Pasta de montaje para tubos de escape,car,429,exhaust-paste,
Suspensión y brazos,SPRAYS Y AEROSOLES TÉCNICOS,Sprays y aerosoles técnicos,car,430,spray,
Suspensión y brazos,FIJADORES DE ROSCA,Fijadores de rosca,car,431,thread-locker,
Suspensión y brazos,SUSPENSIÓN DE LA CABINA,Suspensión de la cabina,car,432,cabin-suspension,
Suspensión y brazos,HERRAMIENTAS PARA SUSPENSIÓN,Herramientas para suspensión,car,433,suspension-tools,
Suspensión y brazos,CASQUILLO DEL PIVOTE DE LA MANGUETA,Casquillo del pivote de la mangueta,car,434,steering-knuckle-bushing,
Amortiguación,AMORTIGUADORES,Amortiguadores,car,435,shock-absorber,
Amortiguación,COPELAS DEL AMORTIGUADOR,Copelas del amortiguador,car,436,shock-absorber-bushing,
Amortiguación,GUARDAPOLVOS AMORTIGUADOR Y DE SUSPENSIÓN,Guardapolvos de amortiguador y de suspensión,car,437,shock-absorber-boot,
Amortiguación,SOPORTE DE AMORTIGUADOR,Soporte de amortiguador,car,438,shock-absorber-mount,
Amortiguación,SOPORTE PARACHOQUES,Soporte de parachoques,car,439,bumper-mount,
Amortiguación,MUELLES DE SUSPENSIÓN,Muelles de suspensión,car,440,spring,
Amortiguación,CAJA DE MUELLES,Caja de muelles,car,441,spring-housing,
Amortiguación,KIT DE SUSPENSIÓN DE MUELLES,Kit de suspensión de muelles,car,442,spring-suspension-kit,
Amortiguación,KIT DE SUSPENSIÓN DE MUELLES AMORTIGUADORES,Kit de suspensión de muelles y amortiguadores,car,443,spring-shock-kit,
Amortiguación,BALLESTAS,Ballestas,car,444,leaf-spring,
Amortiguación,KIT DE REPARACIÓN DE LA SUSPENSIÓN,Kit de reparación de la suspensión,car,445,suspension-repair-kit,
Amortiguación,TORNILLO DE AJUSTE DE LA INCLINACIÓN,Tornillo de ajuste de la inclinación,car,446,camber-adjustment-bolt,
Amortiguación,AMORTIGUADOR TELESCÓPICO NEUMATICO,Amortiguador telescópico neumático,car,447,pneumatic-shock-absorber,
Amortiguación,COMPRESOR DEL SISTEMA DE AIRE COMPRIMIDO,Compresor del sistema de aire comprimido,car,448,air-compressor,
Amortiguación,GUARDAPOLVOS DE LA SUSPENSIÓN NEUMÁTICA,Guardapolvos de la suspensión neumática,car,449,air-suspension-boot,
Amortiguación,ACEITE HIDRÁULICO,Aceite hidráulico,car,450,hydraulic-oil,
Amortiguación,ESFERA DE SUSPENSIÓN,Esfera de suspensión,car,451,suspension-sphere,
Limpieza de Cristales,ESCOBILLAS DE LIMPIAPARABRISAS,Escobillas de limpiaparabrisas,car,452,windshield-wiper,
Limpieza de Cristales,BRAZO DE LIMPIAPARABRISAS,Brazo de limpiaparabrisas,car,453,wiper-arm,
Limpieza de Cristales,DETERNTE PARA LUNAS Y CRISTALES,Detergente para lunas y cristales,car,454,glass-cleaner,
Limpieza de Cristales,MOTOR DEL LIMPIAPARABRISAS,Motor del limpiaparabrisas,car,455,wiper-motor,
Limpieza de Cristales,VARILLAJE DE LIMPIAPARABRISAS,Varillaje de limpiaparabrisas,car,456,wiper-linkage,
Limpieza de Cristales,BOMBA DE LIMPIAPARBRISAS,Bomba de limpiaparabrisas,car,457,washer-pump,
Limpieza de Cristales,DEPOSITO DE LIMPIA PARABRISAS,Depósito de limpiaparabrisas,car,458,washer-reservoir,
Limpieza de Cristales,BOQUILLAS DE LIMPIAPARABRISAS,Boquillas de limpiaparabrisas,car,459,washer-nozzle,
Limpieza de Cristales,BOMBA DEL SISTEMA LAVAFAROS,Bomba del sistema lavafaros,car,460,headlight-washer-pump,
Limpieza de Cristales,EYECTOR DEL LAVAFAROS,Eyector del lavafaros,car,461,headlight-washer-nozzle,
Limpieza de Cristales,SENSOR NIVEL AGUA LAVADO,Sensor de nivel de agua de lavado,car,462,washer-level-sensor,
Limpieza de Cristales,CONMUTADOR EN LA COLUMNA DE DIRECCIÓN,Conmutador en la columna de dirección,car,463,steering-column-switch,
Limpieza de Cristales,RELE LIMPIAPARABRISAS,Relé de limpiaparabrisas,car,464,wiper-relay,
Limpieza de Cristales,CONECTOR DE MANGUITO DE LAVADO,Conector de manguito de lavado,car,465,washer-hose-connector,
Limpieza de Cristales,SENSOR DE LLUVIA,Sensor de lluvia,car,466,rain-sensor,
Limpieza de Cristales,ESCOBILLA LIMPIAFAROS,Escobilla limpiafaros,car,467,headlight-wiper,
Sistemas de Escape,SILENCIADOR TRASERO,Silenciador trasero,car,468,rear-muffler,
Sistemas de Escape,SILENCIADOR INTERMEDIO,Silenciador intermedio,car,469,intermediate-muffler,
Sistemas de Escape,TUBOS DE ESCAPE,Tubos de escape,car,470,exhaust-pipe,
Sistemas de Escape,CATALIZADOR,Catalizador,car,471,catalytic-converter,
Sistemas de Escape,FILTRO DE PARTÍCULAS,Filtro de partículas,car,472,particulate-filter,
Sistemas de Escape,JUEGO DE MONATAJE DEL SISTEMA DE ESCAPE,Juego de montaje del sistema de escape,car,473,exhaust-mount-kit,
Sistemas de Escape,TUBO FLEXIBLE DE ESCAPE,Tubo flexible de escape,car,474,flexible-exhaust-pipe,
Sistemas de Escape,SILENCIADOR POSTERIOR,Silenciador posterior,car,475,rear-silencer,
Sistemas de Escape,COLA DE ESCAPE,Cola de escape,car,476,exhaust-tail,
Sistemas de Escape,SONDA LAMBDA,Sonda lambda,car,477,lambda-sensor,
Sistemas de Escape,SENSOR PRESIÓN GAS DE ESCAPE,Sensor de presión de gas de escape,car,478,exhaust-pressure-sensor,
Sistemas de Escape,SENSOR DE TEMPERATURA DE LOS GASES DE ESCAPE,Sensor de temperatura de los gases de escape,car,479,exhaust-temperature-sensor,
Sistemas de Escape,RECONVERSIÓN EURO 1/ EURO2/ D3,Reconversión Euro 1/ Euro 2/ D3,car,480,euro-conversion,
Sistemas de Escape,MÓDULO DOSIFICADOR,Módulo dosificador,car,481,dosing-module,
Sistemas de Escape,VÁLVULA EGR,Válvula EGR,car,482,egr-valve,
Sistemas de Escape,JUNTA DE VÁLVULA EGR,Junta de válvula EGR,car,483,egr-valve-gasket,
Sistemas de Escape,VÁLVULA DE AIRE SECUNDARIO,Válvula de aire secundario,car,484,secondary-air-valve,
Sistemas de Escape,BOMBA DE AIRE SECUNDARIO,Bomba de aire secundario,car,485,secondary-air-pump,
Sistemas de Escape,REFRIGERADOR DE GAS DE ESCAPE,Refrigerador de gas de escape,car,486,exhaust-gas-cooler,
Sistemas de Escape,SOPORTE TUBO DE ESCAPE,Soporte de tubo de escape,car,487,exhaust-pipe-bracket,
Sistemas de Escape,JUNTA DE ESCAPE,Junta de escape,car,488,exhaust-gasket,
Sistemas de Escape,ABRAZADERA DE TUBO DE ESCAPE,Abrazadera de tubo de escape,car,489,exhaust-pipe-clamp,
Sistemas de Escape,ABRAZADERA DEL TUBO DE ESCAPE,Abrazadera del tubo de escape,car,490,exhaust-pipe-clamp,
Sistemas de Escape,CINTA DE GOMA DE LA LÍNEA DE ESCAPE,Cinta de goma de la línea de escape,car,491,exhaust-rubber-tape,
Sistemas de Escape,ANILLO DE SOPORTE SILENCIADOR,Anillo de soporte de silenciador,car,492,muffler-support-ring,
Sistemas de Escape,TURBOCOMPRESOR,Turbocompresor,car,493,turbo,
Sistemas de Escape,INTERCOOLER,Intercooler,car,494,intercooler,
Sistemas de Escape,JUNTA DE TURBOCOMPRESOR,Junta del turbocompresor,car,495,turbo-gasket,
Sistemas de Escape,TRANSDUCTOR DE PRESIÓN,Transductor de presión,car,496,pressure-transducer,
Sistemas de Escape,MANGUERA TURBO,Manguera del turbo,car,497,turbo-hose,
Sistemas de Escape,SENSOR DE PERSIÓN DE ADMISIÓN,Sensor de presión de admisión,car,498,intake-pressure-sensor,
Sistemas de Escape,VÁLVULA DE ALIVIO,Válvula de alivio,car,499,relief-valve,
Sistemas de Escape,JUNTA COLECTOR DE ESCAPE,Junta del colector de escape,car,500,exhaust-manifold-gasket,
Sistemas de Escape,COLECTORES DE ESCAPE,Colectores de escape,car,501,exhaust-manifold,
Sistemas de Escape,SELLADOR DE ESCAPES,Sellador de escapes,car,502,exhaust-sealant,
Sistemas de Escape,LÍQUIDO DE ESCAPE DIPESEL / ADBLUE,Líquido de escape diésel / AdBlue,car,503,adblue,
Sistemas de Escape,PINTURA DEL MOTOR Y ALTA TEMPERATURA,Pintura del motor y alta temperatura,car,504,high-temp-paint,
Sistemas de Escape,LIMPIADOR DEL FILTRO DE PARTÍCULAS,Limpiador del filtro de partículas,car,505,particulate-filter-cleaner,
Sistemas de Escape,ALETA DE GASES DE ESCAPE,Aleta de gases de escape,car,506,exhaust-gas-flap,
Sistemas de Escape,JUEGO DE MONATAJE CATALIZADO,Juego de montaje de catalizador,car,507,catalytic-converter-mount-kit,
Sistemas de Escape,PROTECTOR ANTITÉRMICO,Protector antitérmico,car,508,heat-protector,
Sistemas de Escape,KIT DE MONATAJE COLECTOR DE ESCAPE,Kit de montaje de colector de escape,car,509,exhaust-manifold-mount-kit,
Sistemas de Escape,JUEGO DE MONTAJE SILENCIADOR,Juego de montaje de silenciador,car,510,muffler-mount-kit,
Accesorios,ALFOMBRILLAS DE COCHE,Alfombrillas de coche,car,511,car-mats,
Accesorios,ACCESORIOS PARA EL INTERIOR DEL COCHE,Accesorios para el interior del coche,car,512,interior-accessories,
Accesorios,ACCESORIOS PARA LA LIMPIEZA Y CUIDADO DEL COCHE,Accesorios para la limpieza y cuidado del coche,car,513,cleaning-accessories,
Accesorios,ACCESORIOS DE INVIERNO PARA COCHE,Accesorios de invierno para coche,car,514,winter-accessories,
Accesorios,EMERGENCIAS Y PRIMEROS AUXLIOS EN CARRETERA,Emergencias y primeros auxilios en carretera,car,515,emergency-kit,
Accesorios,ELECTRÓNICA DEL COCHE,Electrónica del coche,car,516,car-electronics,
Accesorios,ACCESORIOS DE TELÉFONO PARA COCHE,Accesorios de teléfono para coche,car,517,phone-accessories,
Accesorios,ACCESORIOS INFANTILES PARA COCHE,Accesorios infantiles para coche,car,518,child-accessories,
Accesorios,ACCESORIOS PARA NEUMÁTICOS Y RUEDAS,Accesorios para neumáticos y ruedas,car,519,tire-accessories,
Accesorios,BARRAS DE TECHO Y PORTAEQUIPAJES PARA COCHE,Barras de techo y portaequipajes para coche,car,520,roof-rack,
Accesorios,ACCESORIOS EXTERIORES PARA COCHES,Accesorios exteriores para coches,car,521,exterior-accessories,
Accesorios,ACCESORIOS DE COCHE PARA PERROS,Accesorios de coche para perros,car,522,dog-accessories,
Accesorios,ENTRETENIMIENTO EN EL COCHE,Entretenimiento en el coche,car,523,entertainment,
Accesorios,ACCESORIOS DE CARGA,Accesorios de carga,car,524,cargo-accessories,
Accesorios,MICROMOVILIDAD,Micromovilidad,car,525,micromobility,
Accesorios,AMBIENTADOR,Ambientador,car,526,air-freshener,
Accesorios,REPELENTE DE ROEDORES,Repelente de roedores,car,527,rodent-repellent,
Sistema de encendido e incandecencia,BUJÍA DE ENCENDIDO,Bujía de encendido,car,528,spark-plug,
Sistema de encendido e incandecencia,BUJÍAS DE PRECALENTAMIENTO,Bujías de precalentamiento,car,529,glow-plug,
Sistema de encendido e incandecencia,BOBINA DE ENCENDIDO,Bobina de encendido,car,530,ignition-coil,
Sistema de encendido e incandecencia,CABLES DE BUJÍAS,Cables de bujías,car,531,spark-plug-wire,
Sistema de encendido e incandecencia,CONECTOR DE LA BUJÍA DE ENCENDIDO,Conector de la bujía de encendido,car,532,spark-plug-connector,
Sistema de encendido e incandecencia,SENSOR DE CIGÜEÑAL,Sensor del cigüeñal,car,533,crankshaft-sensor,
Sistema de encendido e incandecencia,SENSOR DE ARBOL DE LEVAS,Sensor del árbol de levas,car,534,camshaft-sensor,
Sistema de encendido e incandecencia,SENSOR DE DETONACIÓN,Sensor de detonación,car,535,knock-sensor,
Sistema de encendido e incandecencia,RELÉ DE PRECALENTAMIENTO,Relé de precalentamiento,car,536,glow-plug-relay,
Sistema de encendido e incandecencia,TAPA DE DELCO,Tapa del delco,car,537,distributor-cap,
Sistema de encendido e incandecencia,DELCO,Delco,car,538,distributor,
Sistema de encendido e incandecencia,ROTOR DE DISTRIBUCIÓN,Rotor de distribución,car,539,distributor-rotor,
Sistema de encendido e incandecencia,MÓDULO DE ENCENDIDO,Módulo de encendido,car,540,ignition-module,
Sistema de encendido e incandecencia,JUNTA DE CÁRTER DE DISTRIBUCIÓN,Junta del cárter de distribución,car,541,distributor-gasket,
Sistema de encendido e incandecencia,UNIDAD DE CONTROL MANDO DEL MOTOR,Unidad de control y mando del motor,car,542,ecu,
Sistema de encendido e incandecencia,CINTA ELÉCTRICA LÍQUIDA,Cinta eléctrica líquida,car,543,liquid-electrical-tape,
Sistema de encendido e incandecencia,LÍQUIDOO DE ARRANQUE,Líquido de arranque,car,544,starting-fluid,
Sistema de encendido e incandecencia,KIT DE REPARACIÓN DEL DISTRIBUIDOR DE ENCENDIDO,Kit de reparación del distribuidor de encendido,car,545,distributor-repair-kit,
Sistema de encendido e incandecencia,TAPA ANTIPOLVO DEL DISTRIBUDIOR DE ENCENDIDO,Tapa antipolvo del distribuidor de encendido,car,546,distributor-dust-cap,
Sistema de encendido e incandecencia,CÁPSULA DE VACÍO DEL DISTRIBUIDOR DE ENCENDIDO,Cápsula de vacío del distribuidor de encendido,car,547,distributor-vacuum-capsule,
Sistema de encendido e incandecencia,HERRAMIENTAS PARA ENCENDIDO / PRECALENTAMIENTO,Herramientas para encendido y precalentamiento,car,548,ignition-tools, 